11380 11846
166 42 1
6212 42 1
315 52 1
2593 52 1
7445 52 1
8279 52 1
8397 52 1
1386 62 1
2352 62 1
3317 62 1
5747 62 1
7710 66 1
951 69 1
133 78 1
306 78 1
1646 78 1
2596 78 1
3815 78 1
5484 78 1
6186 78 1
6212 78 1
7208 78 1
7319 78 1
7494 78 1
8781 78 1
9224 78 1
9441 78 1
9561 78 1
9733 78 1
590 89 1
816 89 1
2352 89 1
3317 89 1
4241 89 1
5086 89 1
6526 89 1
7203 89 1
7347 89 1
7443 89 1
7453 89 1
9076 89 1
11101 89 1
11138 89 1
4133 95 1
7206 95 1
7544 95 1
9023 95 1
9358 95 1
10208 95 1
8624 96 1
1386 99 1
4175 99 1
4966 99 1
5253 99 1
6480 99 1
6526 99 1
7203 99 1
8549 99 1
10371 103 1
9280 105 1
10842 105 1
2200 110 1
8623 116 1
712 119 1
2127 119 1
2804 119 1
2969 119 1
4424 119 1
4535 119 1
5375 119 1
6292 119 1
7107 119 1
8058 119 1
8848 119 1
9150 119 1
10406 119 1
10430 119 1
11138 119 1
8058 123 1
8736 123 1
11358 123 1
6699 130 1
7708 130 1
9490 130 1
9776 130 1
5122 131 1
5341 131 1
6858 131 1
7054 131 1
3224 132 1
4168 132 1
4195 132 1
214 134 1
653 134 1
951 134 1
2451 134 1
2783 134 1
4443 134 1
5489 134 1
6359 134 1
8271 134 1
8410 134 1
9410 134 1
10085 134 1
10343 134 1
5861 139 1
572 158 1
884 158 1
1043 158 1
1703 158 1
4471 158 1
9204 158 1
9561 158 1
1266 164 1
2322 164 1
9212 164 1
476 166 1
1747 166 1
1835 166 1
4412 166 1
5353 166 1
5641 166 1
6071 166 1
6619 166 1
7633 166 1
8049 166 1
8423 166 1
8549 166 1
9138 166 1
9204 166 1
11019 166 1
1082 168 1
2146 168 1
2743 168 1
5303 168 1
10393 168 1
128 171 1
1365 171 1
2593 171 1
2663 171 1
4694 171 1
5597 171 1
5712 171 1
7693 171 1
7710 171 1
7725 171 1
10643 171 1
874 175 1
3461 175 1
6588 175 1
9681 175 1
10319 175 1
10763 175 1
5086 176 1
5129 176 1
5734 176 1
8431 176 1
8516 176 1
9689 176 1
10293 176 1
3311 182 1
4141 182 1
5132 182 1
11364 182 1
411 194 1
7783 194 1
712 198 1
3246 198 1
5086 198 2
5097 198 1
6478 198 1
6526 198 1
10206 198 1
6472 200 1
1798 203 1
2457 203 1
3372 203 1
5229 203 1
7253 203 1
7676 203 1
10051 203 1
846 204 1
1417 204 1
1537 204 1
5720 204 1
7790 204 1
4769 209 1
6397 214 1
5804 215 1
6684 215 1
7007 215 1
8611 215 1
9287 215 1
424 216 1
1050 216 1
1082 216 1
1622 216 1
1714 216 1
2084 216 1
2368 216 1
3270 216 1
3371 216 1
4175 216 1
4176 216 1
5377 216 1
6740 216 1
6786 216 1
7047 216 1
7423 216 1
8423 216 1
9410 216 1
9536 216 1
9561 216 1
10343 216 1
10539 216 1
11216 216 1
11245 216 1
4797 221 1
2692 225 1
2876 225 1
5686 225 1
6171 225 1
561 229 1
1307 229 1
9248 229 1
4709 231 1
4960 231 1
1011 233 1
1082 233 1
1622 233 1
4308 233 1
5204 233 1
6832 233 1
8418 233 1
10208 233 1
4064 239 1
4343 239 1
7058 242 1
7544 242 1
5996 245 1
3922 252 1
4141 252 1
5822 252 1
8058 252 1
11101 252 1
225 253 1
4049 253 1
5908 253 1
11245 253 1
712 257 1
4960 257 1
5435 257 1
11364 257 1
265 273 1
2463 273 1
4625 273 1
6186 273 1
6526 273 1
7046 273 1
7264 273 1
8608 273 1
9774 273 1
9849 273 1
5793 274 1
9561 274 1
2386 281 1
8207 281 1
572 288 1
9204 288 1
2688 289 1
3408 289 1
3983 289 1
4325 289 1
4426 289 1
4528 289 1
6695 289 1
7710 289 1
306 301 1
1714 301 1
4402 301 1
4727 301 1
5143 301 1
7549 301 1
8580 301 1
9287 301 1
10094 301 1
10401 301 1
10643 301 1
2109 306 1
3500 306 1
4951 306 1
7813 306 1
8772 306 1
9733 306 1
9861 306 1
9973 306 1
9625 309 1
526 312 1
704 312 1
1197 312 1
2662 312 1
2762 312 1
2802 312 1
4176 312 1
5483 312 1
5899 312 1
6320 312 1
6602 312 1
8388 312 1
9014 312 1
9155 312 1
9971 312 1
10250 312 1
11118 312 1
8931 322 1
2344 324 1
8516 324 1
8806 324 1
9500 324 1
9561 324 1
4586 326 1
4841 326 1
5035 326 1
5115 326 1
10235 326 1
10891 326 1
11038 326 1
11305 326 1
8623 328 1
2318 329 1
128 330 1
575 330 1
8818 330 1
11111 330 1
2785 333 1
5479 337 1
9363 337 1
10165 337 1
726 338 1
846 338 1
1568 338 1
2805 338 1
2876 338 1
4435 338 1
4645 338 1
5325 338 1
5597 338 1
5720 338 1
7790 338 1
9011 338 1
9532 338 1
9753 338 1
1507 343 1
2692 343 1
3663 343 1
3815 343 1
4962 343 1
6213 343 1
6437 343 1
7451 343 1
10212 343 1
8626 344 1
572 346 1
893 346 1
1497 346 1
2593 346 1
2608 346 1
3936 346 1
4168 346 1
4502 346 1
5734 346 1
8199 346 1
8608 346 1
9463 346 1
306 349 1
1485 349 1
3190 349 1
4028 349 1
5727 349 1
6046 349 1
8344 349 1
8369 349 1
9023 349 1
10741 349 1
10539 363 1
1443 364 1
2642 364 1
483 370 1
572 370 1
4415 370 1
9677 370 1
10989 370 1
11009 370 1
3073 373 1
10165 373 1
7710 377 1
2416 379 1
4739 379 1
7510 379 1
7659 379 1
9391 379 1
2743 380 1
3922 380 1
6835 380 1
7017 380 1
10245 380 1
11138 380 1
8304 384 1
10346 384 1
605 387 1
826 387 1
1007 387 1
1386 387 1
2674 387 1
4407 387 1
4466 387 1
7014 387 1
8058 387 1
10484 387 1
588 388 1
1597 388 1
2388 388 1
3010 388 1
3158 388 1
11019 388 1
1082 395 1
3389 395 1
5253 395 1
9561 395 1
10589 395 1
1497 407 1
5435 407 1
6526 407 1
7115 407 1
7492 407 1
9746 407 1
10870 407 1
10989 407 1
970 418 1
1021 418 1
1628 418 1
2478 418 1
3711 418 1
5223 418 1
5325 418 1
5484 418 1
6444 418 1
7428 418 1
7503 418 1
7765 418 1
8847 418 1
9036 418 1
473 420 1
712 420 1
1386 420 1
1684 420 1
1933 420 1
2095 420 1
2265 420 1
3703 420 2
4141 420 1
5250 420 1
5858 420 1
6186 420 1
8299 420 1
8508 420 1
8516 420 1
8590 420 1
9561 420 1
2898 424 1
9396 424 1
4287 426 1
7670 426 1
8329 426 1
9431 426 1
1082 430 1
4762 430 1
535 431 1
2953 431 1
3571 431 1
5258 431 1
6066 431 1
7128 431 1
7162 431 1
7343 431 1
8609 431 1
8848 431 2
9776 431 1
9815 431 1
11364 431 2
4665 444 1
7128 449 1
358 451 1
1368 451 1
1386 453 1
1846 453 1
2344 453 1
2616 453 1
3328 453 1
6186 453 1
6526 453 1
6839 453 1
7651 453 1
9150 453 2
10104 453 1
10859 453 1
11364 453 1
3933 464 1
699 471 1
7233 471 1
1718 472 1
3566 472 1
10458 473 1
379 476 1
384 477 1
4435 477 1
10319 477 1
31 483 1
623 483 1
932 483 1
1834 483 1
3584 483 1
5043 483 1
5346 483 1
5592 483 1
8608 483 1
9561 483 1
9762 483 1
10009 483 1
3630 489 1
4871 489 1
8292 489 1
9561 489 1
10596 489 1
5346 495 1
5592 495 1
7115 495 1
8180 495 1
8608 495 1
9776 495 1
9784 495 1
2300 496 1
6186 496 1
7857 496 1
9677 496 1
9814 496 1
1082 500 1
4471 501 1
121 505 1
846 505 1
2064 505 1
5484 505 1
5794 505 1
8611 505 1
9224 505 1
10576 505 1
1266 513 1
3491 513 1
4139 513 1
7138 513 1
5604 514 1
5720 516 1
8991 516 1
3271 520 1
3916 520 1
6449 520 1
8611 520 1
2054 526 1
3774 526 1
5592 526 1
8659 526 1
8740 526 1
252 528 1
4347 528 1
5592 528 1
8736 528 1
5401 547 1
9204 547 1
9838 555 1
8969 557 1
11019 564 1
4074 570 1
4769 570 1
5179 570 1
6066 570 1
6090 570 1
6475 570 1
6699 570 1
9149 570 1
9214 570 1
6199 576 1
951 578 1
2957 578 1
5597 578 1
6212 578 1
6324 578 1
6605 578 1
8050 578 1
8623 578 1
10185 578 1
1768 587 1
712 590 1
8161 590 1
9850 590 1
5258 591 1
5909 599 1
8476 599 1
9865 599 1
452 607 1
2783 607 1
3094 607 1
7342 607 1
7549 607 1
9522 607 1
1429 620 1
5484 620 1
11099 620 1
6213 622 1
6602 622 1
7423 622 1
274 629 1
3320 629 1
3728 629 1
4052 629 1
9138 629 1
2785 630 2
11138 630 1
5641 651 1
11009 651 1
11188 651 1
1200 652 1
2617 652 1
3022 652 1
3983 652 1
4026 652 1
4857 652 1
4909 652 1
5353 652 1
5500 652 1
7014 652 1
8423 652 1
9941 652 1
476 653 1
515 653 1
671 653 1
951 653 1
4338 653 1
6186 653 1
7233 653 1
7659 653 1
8362 653 1
8424 653 1
8549 653 1
9014 653 1
9148 653 1
10364 653 1
10667 653 1
7688 655 1
2118 656 1
6079 656 1
9004 656 1
166 671 1
515 671 1
2416 671 1
8423 671 1
8664 671 1
9138 671 1
10051 671 1
11188 671 1
5484 686 1
10722 686 1
7233 690 1
5597 696 1
7549 696 1
430 704 1
5047 704 1
10073 704 1
10212 704 1
281 708 1
3940 708 1
5303 708 1
10393 708 1
11338 708 1
1770 712 1
2533 712 1
2969 712 1
3325 712 1
3675 712 1
4599 712 1
5254 712 2
5435 712 1
5582 712 1
6801 712 1
6991 712 1
7347 712 1
8024 712 1
8619 712 1
9098 712 1
10298 712 1
3891 713 1
4665 713 1
9187 713 1
306 720 1
4443 720 1
5266 720 1
6213 720 1
6324 720 1
9011 720 1
9224 720 1
9428 720 1
563 726 1
578 726 1
860 726 1
867 726 1
1082 726 1
1097 726 1
1365 726 1
1568 726 1
2308 726 1
4053 726 1
4435 726 1
6449 726 1
7342 726 1
7445 726 1
7905 726 1
8611 726 1
10198 726 1
10486 726 1
7710 741 1
712 756 1
7203 756 1
3663 763 1
5325 763 1
2798 768 1
7558 768 1
5115 773 1
5882 773 1
7503 773 1
6065 774 1
6073 774 1
52 778 1
306 778 1
1479 778 1
2805 778 1
3020 778 1
3500 778 2
4448 778 1
4879 778 1
6310 778 1
6449 778 1
7007 778 1
7342 778 1
7790 778 1
8304 778 1
8611 778 1
10460 778 1
10486 778 1
10496 778 1
10860 778 1
10880 778 1
904 781 1
1266 781 1
3891 781 1
10346 794 1
5346 802 1
9804 802 1
10989 802 1
3224 805 1
5690 805 1
8635 805 1
10364 805 1
895 814 1
1180 814 1
2416 814 1
2734 814 1
7017 814 1
7233 814 1
8424 814 1
9014 814 1
214 820 1
1737 820 1
9064 820 1
9410 820 1
9561 820 1
10346 820 1
3317 842 1
6526 842 1
8049 842 1
993 845 1
1850 860 1
4754 860 1
4878 860 1
5832 860 1
9561 860 1
3933 867 1
7108 890 1
6570 894 1
4725 896 1
7459 896 1
6066 902 1
9249 902 1
936 907 1
3010 907 1
4159 907 1
5223 907 1
7625 907 1
7710 907 1
7922 907 1
9410 907 1
609 909 1
998 909 1
1365 909 1
1707 909 1
2109 909 1
2649 909 1
3059 909 1
3934 909 1
4619 909 1
5597 909 1
6490 909 1
6974 909 1
7732 909 1
8874 909 1
10032 909 1
10110 909 1
10129 909 1
10312 909 1
10393 909 1
11058 909 1
5303 915 1
10158 915 1
653 921 1
6055 921 1
7151 921 1
609 924 1
6817 924 1
9099 924 1
9211 924 1
9958 924 1
10401 924 1
9150 932 1
1714 936 1
2380 936 1
3022 936 1
4175 936 1
4192 936 1
4811 936 1
5874 936 1
7983 936 1
9561 936 1
11111 936 1
9232 944 1
9076 945 1
1838 950 1
3701 950 1
4175 950 1
9463 950 1
7203 961 1
214 965 2
379 965 2
387 965 2
1798 965 2
2416 965 2
2895 965 2
4701 965 2
4857 965 2
7201 965 2
7633 965 2
8878 965 2
5463 966 1
8174 966 1
5805 967 1
2536 971 1
4946 971 1
6526 971 1
198 975 1
974 975 1
3471 975 1
4733 975 1
5258 975 1
5315 975 1
5435 975 1
5566 975 1
6526 975 1
8024 975 1
8093 975 1
8657 975 1
9815 975 1
970 985 1
1082 985 2
1413 985 1
3566 985 1
3837 985 1
4175 985 1
4448 985 1
5484 985 1
9224 985 1
10393 985 1
1838 993 1
2672 993 1
2785 993 1
4064 993 2
4883 993 1
4995 993 1
5115 993 1
5813 993 1
7017 993 1
7108 993 1
7166 993 1
7206 993 1
7783 993 1
7840 993 1
8701 993 1
9561 993 1
9774 993 1
6974 998 1
535 999 1
5804 999 1
10896 999 1
2146 1011 1
2493 1011 1
7908 1011 1
10589 1011 1
909 1013 1
951 1013 1
1365 1013 1
1849 1013 1
2649 1013 1
5143 1013 1
5597 1013 1
5740 1013 1
6212 1013 1
6908 1013 1
8467 1013 1
9387 1013 1
9481 1013 1
9944 1013 1
10401 1013 1
10460 1013 1
852 1015 1
5215 1015 1
1430 1016 1
2660 1016 1
4141 1016 1
4424 1016 1
7748 1016 1
5062 1019 1
4951 1023 1
10827 1023 1
444 1037 2
1708 1037 1
5122 1037 1
8424 1037 1
9845 1037 1
1097 1038 1
4710 1042 1
6193 1042 1
6777 1042 1
9788 1042 1
10312 1042 1
11293 1042 1
128 1044 1
617 1044 1
662 1044 1
1633 1044 1
3863 1044 1
4424 1044 1
5160 1044 1
5479 1044 1
6799 1044 1
7511 1044 1
8656 1044 1
10004 1044 1
10296 1044 1
10827 1044 1
7018 1050 1
860 1051 1
951 1051 1
2057 1051 1
2176 1051 1
2591 1051 1
4346 1051 1
4392 1051 1
4435 1051 1
4990 1051 1
5325 1051 1
6057 1051 1
6147 1051 1
6212 1051 1
6863 1051 1
8576 1051 1
9242 1051 1
9287 1051 1
10703 1051 1
3359 1055 1
4600 1055 1
5346 1055 1
5583 1055 1
5734 1055 1
5880 1055 1
490 1059 1
2783 1059 1
9561 1059 1
7783 1063 1
8134 1063 1
3777 1064 1
4053 1064 1
4711 1064 1
5718 1064 1
6974 1064 1
9099 1064 1
10827 1064 1
654 1075 1
3441 1075 1
4974 1075 1
9558 1075 1
9490 1086 1
932 1090 1
3270 1090 1
8352 1090 1
9204 1090 1
9638 1090 1
338 1093 1
617 1093 2
1082 1093 1
1954 1093 1
2409 1093 1
2876 1093 1
2902 1093 1
4053 1093 1
4645 1093 1
4906 1093 1
5266 1093 1
5325 1093 1
5597 1093 1
5657 1093 1
6212 1093 1
7024 1093 1
7441 1093 1
7549 1093 1
7872 1093 1
8050 1093 1
8359 1093 1
8368 1093 1
9011 1093 1
9168 1093 1
9181 1093 1
9885 1093 1
10995 1093 1
11019 1093 1
4252 1107 1
1735 1112 1
2693 1112 1
4091 1112 1
4989 1112 1
6191 1112 1
7206 1112 1
8293 1112 1
8389 1112 1
8808 1112 1
8848 1112 1
9150 1112 1
11026 1112 1
1443 1114 1
2300 1114 1
4141 1114 1
4915 1114 1
8329 1114 1
8791 1114 1
11364 1114 1
178 1118 1
4946 1118 1
8449 1118 1
424 1124 1
2895 1124 1
3466 1124 1
6190 1124 1
6212 1124 1
8626 1124 1
630 1132 1
1770 1132 1
2589 1132 1
3383 1132 1
5086 1132 1
5346 1132 1
5929 1132 1
6292 1132 1
6526 1132 1
6769 1132 1
7014 1132 1
7314 1132 1
7743 1132 1
8127 1132 1
8134 1132 1
9850 1132 1
11101 1132 1
5086 1134 1
4841 1135 1
5592 1135 1
8011 1135 1
9549 1135 1
3856 1136 1
8608 1136 1
9508 1136 1
10217 1136 1
4841 1137 1
6186 1137 1
7492 1137 1
9204 1137 1
2783 1143 1
6186 1143 1
8608 1143 1
252 1149 1
276 1149 1
515 1149 1
595 1149 1
653 1149 1
699 1149 1
1018 1149 1
3381 1149 1
4578 1149 1
4644 1149 1
6461 1149 1
7115 1149 1
9010 1149 1
9014 1149 1
11118 1149 1
281 1156 1
496 1156 1
1180 1156 1
2095 1156 1
2590 1156 1
2688 1156 1
4528 1156 1
5215 1156 1
6016 1156 1
6560 1156 1
8160 1156 1
8220 1156 1
8734 1156 1
9000 1156 1
9032 1156 1
9610 1156 1
10009 1156 1
10053 1156 1
10999 1156 1
2213 1161 1
3970 1161 1
4315 1161 1
4585 1161 1
4783 1161 1
1798 1167 1
2649 1173 1
7671 1173 1
5500 1180 1
3782 1183 1
8186 1183 1
9776 1183 1
301 1188 1
5794 1188 1
7058 1188 1
7549 1188 1
7671 1188 1
7862 1188 1
8475 1188 1
1798 1190 1
2304 1190 1
3471 1190 1
4701 1190 1
4739 1190 1
8635 1190 1
2701 1203 1
5339 1203 1
252 1204 1
5562 1204 1
8396 1204 1
9465 1204 1
252 1205 1
4415 1205 1
6883 1205 1
951 1211 1
6963 1216 1
7473 1216 1
9011 1216 1
10346 1216 1
2140 1220 1
3439 1220 1
5636 1220 1
6212 1220 1
6354 1220 1
7423 1220 1
9346 1220 1
9450 1220 1
10486 1220 1
10539 1220 1
591 1223 1
712 1223 1
5132 1223 1
5254 1223 1
5258 1223 1
226 1224 1
909 1224 1
994 1224 1
1075 1224 1
1568 1224 1
2559 1224 1
2649 1224 1
3561 1224 1
5740 1224 1
5946 1224 1
6287 1224 1
6908 1224 1
7307 1224 1
9837 1224 1
9918 1224 1
9944 1224 1
10147 1224 1
10325 1224 1
10401 1224 1
10486 1224 1
311 1230 1
3320 1230 1
4528 1230 1
5325 1230 1
6191 1230 1
6723 1230 1
9014 1230 1
9410 1230 1
9711 1230 1
10787 1230 1
10977 1230 1
11019 1230 1
252 1231 1
515 1231 1
932 1231 1
1011 1231 1
2333 1231 1
2380 1231 1
2867 1231 1
3466 1231 1
4159 1231 1
5807 1231 1
6186 1231 1
7068 1231 1
8278 1231 1
8424 1231 1
9406 1231 1
9561 1231 1
10360 1231 1
252 1236 1
653 1236 1
2055 1236 1
2200 1236 1
4182 1236 1
5115 1236 1
5786 1236 1
5882 1236 1
6798 1236 1
11305 1236 1
1628 1243 1
3861 1243 1
4503 1243 1
6154 1243 1
11026 1243 1
3246 1246 1
3317 1246 1
3914 1246 2
5062 1246 1
5652 1246 1
6037 1246 1
6526 1246 1
6777 1246 1
7203 1246 1
5280 1249 1
8289 1249 1
8423 1249 1
252 1253 1
1180 1253 1
2416 1253 1
2798 1253 1
3983 1253 1
4343 1253 1
7115 1253 1
9014 1253 1
9148 1253 1
9824 1253 1
11019 1253 1
888 1263 1
1782 1263 1
2200 1263 1
3073 1263 1
4565 1263 1
5325 1263 1
5719 1263 1
6212 1263 1
7206 1263 1
7319 1263 1
9029 1263 1
9036 1263 1
9185 1263 1
9491 1263 1
9500 1263 1
10842 1263 1
1044 1265 1
1808 1265 1
1954 1265 1
3020 1265 1
3027 1265 1
3073 1265 1
4453 1265 1
5727 1265 1
5909 1265 1
7026 1265 1
7346 1265 1
7549 1265 1
8756 1265 1
8824 1265 1
9522 1265 1
178 1266 1
1280 1280 1
1082 1295 1
2617 1295 1
5115 1295 1
6518 1295 1
11038 1295 1
1090 1299 1
6212 1299 1
8676 1299 1
9014 1299 1
9536 1299 1
9694 1299 1
10161 1299 1
10806 1299 1
11014 1299 1
11118 1299 1
2642 1307 1
5727 1316 1
6744 1316 1
2674 1332 1
6272 1332 1
476 1333 1
11364 1337 1
1097 1339 1
2344 1349 1
2867 1349 1
3324 1349 1
4604 1349 1
7014 1349 1
8058 1349 1
8259 1349 1
9561 1349 1
10268 1349 1
11101 1349 1
11358 1349 1
10142 1352 1
222 1357 1
860 1357 1
7927 1357 1
8271 1357 1
8545 1357 1
4178 1359 1
6323 1359 1
9076 1359 1
10655 1359 1
11138 1359 1
2312 1372 1
2688 1380 1
3449 1380 1
3859 1380 1
7633 1380 1
8289 1380 1
10669 1380 1
4141 1381 1
8848 1381 1
252 1383 1
629 1383 1
1716 1383 1
4076 1383 1
5303 1383 1
5690 1383 1
5882 1383 1
6065 1383 1
7503 1383 1
9232 1383 1
10393 1383 1
10539 1383 1
5813 1387 1
368 1388 1
6629 1388 1
6695 1388 1
572 1390 1
2248 1392 1
5401 1392 1
5734 1392 1
6186 1392 1
8240 1392 1
9148 1392 1
9204 1392 1
9508 1392 1
10940 1392 1
252 1393 1
1570 1393 1
4076 1393 1
4141 1393 1
4338 1393 1
4372 1393 1
4701 1393 1
5903 1393 1
7492 1393 1
9824 1393 1
10554 1393 1
6354 1394 1
2416 1396 1
3372 1396 1
5021 1396 1
10051 1396 1
4796 1399 1
629 1402 1
773 1402 1
4175 1402 1
10053 1402 1
10079 1402 1
10458 1404 1
2692 1408 1
3303 1408 1
5003 1408 1
252 1410 1
342 1410 1
515 1410 1
3022 1410 1
4701 1410 1
4739 1410 1
7233 1410 1
8878 1410 1
9014 1410 1
951 1413 1
1082 1413 1
1213 1413 1
1663 1413 1
2140 1413 1
2493 1413 1
3270 1413 1
3439 1413 1
3461 1413 1
3655 1413 2
3673 1413 1
3970 1413 1
4584 1413 1
5425 1413 1
5483 1413 1
5777 1413 1
5899 1413 1
5975 1413 1
6212 1413 1
6213 1413 1
6309 1413 1
6437 1413 1
6445 1413 2
7346 1413 1
7423 1413 1
7432 1413 1
7473 1413 1
8278 1413 1
8397 1413 1
8954 1413 1
9176 1413 1
9363 1413 1
9410 1413 1
9561 1413 1
9853 1413 1
10008 1413 1
10212 1413 1
10287 1413 1
10393 1413 1
10539 1413 1
10806 1413 1
11115 1413 1
252 1415 1
2416 1415 1
4168 1415 1
6612 1415 1
8425 1415 1
5727 1417 1
4424 1421 1
5086 1421 1
7347 1421 1
1743 1428 1
3662 1428 1
4946 1428 1
6858 1428 1
8848 1428 1
10592 1428 1
11364 1428 1
4139 1442 1
10507 1442 1
11286 1442 1
1708 1443 1
1011 1446 1
8329 1448 1
2668 1454 1
629 1456 1
1791 1456 1
2386 1456 1
5303 1456 1
5469 1456 1
6325 1456 1
6501 1456 1
8424 1456 1
8887 1456 1
10407 1456 1
11019 1456 1
3158 1458 1
311 1472 1
4927 1472 1
5804 1472 1
6602 1472 1
7159 1472 1
9119 1472 1
2344 1482 1
2893 1482 1
7014 1482 1
7314 1482 1
7347 1482 1
8058 1482 1
9561 1482 1
9850 1482 1
1584 1485 1
2248 1485 1
2300 1485 1
3927 1485 1
4733 1485 1
8011 1485 1
8212 1485 1
9561 1485 1
10142 1485 1
10360 1485 1
411 1491 1
1846 1491 1
8174 1491 1
316 1502 1
1573 1502 1
4448 1502 1
4453 1502 1
7007 1502 1
8722 1502 1
9880 1502 1
10094 1502 1
2616 1521 1
9549 1521 1
10927 1522 1
1568 1524 1
6171 1524 1
38 1527 1
252 1527 1
595 1527 1
4454 1527 1
4701 1527 1
6186 1527 1
6497 1527 1
7233 1527 1
9148 1527 1
9824 1527 1
9849 1527 1
3663 1532 1
306 1533 1
609 1533 1
2301 1533 1
4165 1533 1
4787 1533 1
8030 1533 1
9944 1533 1
3482 1537 1
7693 1537 1
10254 1537 1
10486 1537 1
1443 1544 1
3930 1545 1
3649 1550 1
476 1558 1
1922 1558 1
10051 1558 1
11101 1558 1
3375 1560 1
5652 1560 1
5953 1560 1
1568 1563 1
1569 1563 1
5785 1563 1
6138 1563 1
7286 1563 1
9251 1563 1
9795 1563 1
2618 1564 1
1700 1568 1
1718 1568 1
2260 1568 1
4024 1568 1
4443 1568 1
5471 1568 1
5975 1568 1
7079 1568 1
7133 1568 1
8368 1568 1
9561 1568 1
8423 1575 1
9561 1584 1
1082 1596 1
7018 1596 1
9726 1596 1
10486 1596 1
11111 1596 1
52 1600 1
609 1600 1
1913 1600 1
4424 1600 1
4879 1600 1
5712 1600 1
6287 1600 1
6908 1600 1
8447 1600 1
10397 1600 1
11184 1600 1
252 1602 1
2463 1602 1
5115 1602 1
9148 1602 1
9463 1602 1
10053 1602 1
10393 1602 1
10539 1602 1
281 1608 1
2057 1611 1
3461 1611 1
4572 1611 1
7935 1611 1
1761 1613 1
4324 1613 1
7894 1613 1
252 1630 1
4604 1630 1
128 1633 1
951 1633 1
1082 1633 1
2133 1633 1
3863 1633 1
5838 1633 1
6186 1633 1
7153 1633 1
7356 1633 1
7548 1633 1
7710 1633 1
8050 1633 1
10387 1633 1
11150 1633 1
476 1636 1
879 1636 1
9204 1636 1
2804 1637 1
8058 1637 1
9076 1637 1
8485 1640 1
6466 1642 1
6526 1642 1
7347 1642 1
2642 1645 1
630 1654 1
1073 1654 1
1267 1654 1
2867 1654 1
3088 1654 1
4178 1654 1
4599 1654 1
5122 1654 1
5188 1654 1
5253 1654 1
5373 1654 1
6292 1654 1
6317 1654 1
6497 1654 1
7017 1654 1
7783 1654 1
8049 1654 1
8055 1654 1
8134 1654 1
9776 1654 1
10217 1654 1
10554 1654 1
10653 1654 1
11101 1654 1
11138 1654 1
11344 1654 1
5181 1655 1
5250 1655 1
934 1657 1
9103 1666 1
8626 1667 1
1714 1677 1
2617 1677 1
2854 1677 1
3970 1677 1
4426 1677 1
4528 1677 1
4583 1677 1
4811 1677 1
6543 1677 1
6843 1677 1
7159 1677 1
9561 1677 1
2513 1680 1
3381 1680 1
4586 1680 1
5815 1680 1
5899 1680 1
7799 1680 1
10539 1680 1
444 1684 1
10924 1694 1
11155 1696 1
5582 1698 1
7710 1698 1
10917 1698 1
252 1703 1
335 1703 1
339 1703 1
787 1703 1
3903 1703 1
4226 1703 1
4287 1703 1
4977 1703 1
5086 1703 1
5592 1703 1
5813 1703 1
6020 1703 1
6197 1703 1
6352 1703 1
6962 1703 1
7609 1703 1
7840 1703 1
8299 1703 1
9776 1703 1
10976 1703 1
11035 1703 1
11356 1703 1
107 1707 1
216 1707 1
4225 1707 1
4675 1707 1
5740 1707 1
6211 1707 1
6747 1707 1
6782 1707 1
7404 1707 1
7732 1707 1
8150 1707 1
10094 1707 1
10540 1707 1
3073 1709 1
4727 1709 1
5874 1709 1
6213 1709 1
8555 1709 1
10578 1709 1
6695 1710 1
1934 1712 1
3713 1712 1
5132 1712 1
5953 1712 1
1011 1723 1
2783 1723 1
6190 1723 1
10486 1723 1
282 1728 1
1497 1728 1
3224 1728 1
4010 1728 1
4841 1728 1
6186 1728 1
6787 1728 1
2418 1729 1
3662 1729 1
6526 1729 1
9363 1732 1
1677 1735 1
951 1745 1
1573 1745 1
2308 1745 1
4071 1745 1
6509 1745 1
7097 1745 1
8292 1745 1
11104 1745 1
5372 1748 1
982 1750 1
1521 1750 1
2353 1750 1
4194 1750 1
5250 1750 1
7115 1750 1
10164 1750 1
10293 1750 1
252 1752 1
476 1752 1
515 1752 1
1180 1752 1
1479 1752 1
2416 1752 1
2867 1752 1
3544 1752 1
4064 1752 1
5736 1752 1
6186 1752 1
6391 1752 1
7233 1752 1
8424 1752 1
9014 1752 1
9148 1752 1
9441 1752 1
11174 1752 1
479 1762 1
8329 1762 1
561 1771 1
1073 1771 1
4251 1771 1
4938 1775 1
5899 1775 1
2386 1777 1
5762 1777 1
8608 1777 1
1126 1782 1
1622 1782 1
2493 1782 1
3109 1782 1
3461 1782 1
3566 1782 1
3863 1782 1
4834 1782 1
5601 1782 1
6017 1782 1
6171 1782 1
6191 1782 1
7133 1782 1
10526 1782 1
2133 1786 1
4586 1786 1
306 1797 1
1097 1797 1
1365 1797 1
1573 1797 1
2041 1797 1
4453 1797 1
7549 1797 1
9042 1797 1
9287 1797 1
9328 1797 1
515 1798 1
1180 1798 1
2139 1798 1
3022 1798 1
3831 1798 1
4525 1798 2
4701 1798 1
4883 1798 1
6391 1798 1
6526 1798 1
6536 1798 1
7206 1798 1
10606 1798 1
2536 1807 1
5272 1807 1
6699 1807 1
7138 1807 1
8607 1807 1
860 1808 1
1315 1808 1
3461 1808 1
5484 1808 1
7633 1808 1
8050 1808 1
9181 1808 1
9561 1808 1
10524 1808 1
6191 1810 1
479 1816 1
6526 1816 1
3370 1819 1
5265 1819 1
5375 1819 1
3500 1831 1
1798 1838 1
2616 1844 1
11358 1844 1
222 1850 1
951 1850 1
7473 1850 1
9358 1850 1
1043 1860 1
4604 1860 1
6186 1860 1
6391 1860 1
6526 1860 1
6546 1860 1
10009 1860 1
1698 1868 1
1714 1868 1
2692 1868 1
5135 1868 1
5479 1868 1
5690 1868 1
8659 1868 1
9148 1868 1
11014 1868 1
225 1880 1
1850 1880 1
2073 1880 1
4155 1880 1
6212 1880 1
8534 1880 1
9011 1880 1
9943 1880 1
10524 1880 1
252 1891 1
2416 1891 1
2743 1891 1
178 1892 1
579 1892 1
1761 1892 1
820 1894 1
5325 1894 1
7079 1894 1
7346 1894 1
9366 1894 1
3317 1895 2
4010 1895 2
6526 1895 2
7115 1895 2
9204 1895 2
9508 1895 2
8516 1896 1
4141 1899 1
10707 1899 1
1761 1910 1
3662 1910 1
4999 1910 1
5372 1910 1
629 1911 1
5135 1911 1
2248 1912 1
2783 1915 1
3270 1915 1
5115 1915 1
7966 1915 1
9599 1915 1
5267 1918 1
276 1922 1
515 1922 1
699 1922 1
1280 1922 1
1636 1922 1
3328 1922 1
3983 1922 1
4073 1922 1
4857 1922 1
6568 1922 1
7233 1922 1
8424 1922 1
8848 1922 1
9148 1922 1
9465 1922 1
9849 1922 1
10348 1922 1
10407 1922 1
10976 1922 1
11026 1922 1
3324 1930 1
5592 1930 1
6186 1930 1
7014 1930 1
8058 1930 1
8259 1930 1
9561 1930 1
11358 1930 1
2380 1933 1
4026 1933 1
8423 1933 1
9150 1933 1
11035 1933 1
5346 1934 1
5583 1934 1
8608 1934 1
4385 1946 1
6065 1946 1
8847 1946 1
9400 1946 1
10924 1946 1
306 1954 1
316 1954 1
951 1954 1
1808 1954 1
2049 1954 1
3500 1954 1
3815 1954 1
3941 1954 1
4000 1954 1
4038 1954 1
4448 1954 1
7549 1954 1
7814 1954 1
9942 1954 1
148 1966 1
1573 1966 1
2150 1966 1
6444 1966 1
7905 1966 1
10360 1966 1
754 1967 1
2084 1967 1
7473 1967 1
7633 1967 1
4139 1973 1
7138 1973 1
9212 1973 1
10478 1973 1
4343 1977 1
7833 1977 1
1705 1978 1
4701 1978 1
7659 1978 1
1443 1979 1
5086 1979 1
11188 1985 1
1834 1988 1
4443 1988 1
5573 1988 1
10079 1988 1
10115 1988 1
11188 1988 1
7488 1993 1
9107 1993 1
2067 1995 1
3274 1997 1
3955 2005 1
5948 2005 1
4308 2010 1
932 2016 1
1082 2016 1
3422 2016 1
6212 2016 1
6354 2016 1
6543 2016 1
7159 2016 1
8626 2016 1
9064 2016 1
9410 2016 1
11259 2033 1
3256 2043 1
4120 2043 1
5489 2043 1
121 2044 1
133 2044 1
440 2044 1
577 2044 1
762 2044 1
1082 2044 1
1714 2044 1
1911 2044 2
1954 2044 1
2131 2044 1
2140 2044 1
2617 2044 1
2662 2044 2
3158 2044 1
3381 2044 1
3422 2044 1
4175 2044 1
4338 2044 1
4607 2044 1
4741 2044 1
5325 2044 1
5354 2044 1
5446 2044 1
5467 2044 1
5652 2044 1
6191 2044 1
6824 2044 1
6963 2044 1
7024 2044 1
7423 2044 1
7743 2044 1
7966 2044 1
8097 2044 1
8423 2044 1
8626 2044 1
8909 2044 1
8955 2044 1
10662 2044 1
182 2045 1
3003 2045 1
7162 2045 1
7443 2045 1
1082 2048 1
5500 2055 1
6470 2055 1
3711 2059 1
8174 2059 1
2596 2065 1
2876 2065 1
3529 2065 1
5601 2065 1
6923 2065 1
8030 2065 1
5861 2084 1
6719 2084 1
11188 2084 1
8174 2087 1
1846 2095 1
3806 2095 1
4635 2095 1
5086 2095 1
5300 2095 1
5346 2095 1
6186 2095 2
6546 2095 1
6798 2095 1
7783 2095 1
8037 2095 1
8058 2095 1
8299 2095 1
8516 2095 1
8549 2095 1
9076 2095 1
9752 2095 1
9849 2095 1
10480 2095 1
11292 2095 1
468 2109 1
846 2109 1
951 2109 1
1568 2109 1
1611 2109 1
1782 2109 1
2049 2109 1
2409 2109 1
2596 2109 1
2805 2109 2
3094 2109 1
3461 2109 1
3500 2109 1
4453 2109 1
4572 2109 1
5325 2109 1
5597 2109 1
5689 2109 1
5727 2109 1
6310 2109 1
7058 2109 1
7549 2109 1
7790 2109 1
7935 2109 1
9264 2109 1
9358 2109 1
9638 2109 1
9733 2109 1
9753 2109 1
10880 2109 1
265 2110 1
1471 2110 1
1521 2110 1
3224 2110 1
3682 2110 1
4064 2110 1
5258 2110 1
6232 2110 1
6526 2110 1
6536 2114 1
7233 2114 1
10009 2114 1
10940 2114 1
1378 2115 1
3452 2115 1
5929 2115 1
6186 2115 1
572 2120 1
2095 2120 1
2674 2120 1
4461 2120 1
5086 2120 1
5193 2120 1
5258 2120 1
5346 2120 1
5583 2120 1
6186 2120 1
6354 2120 1
7347 2120 1
7651 2120 1
8049 2120 1
8405 2120 1
8431 2120 1
10164 2120 1
2893 2121 1
4315 2121 1
5086 2121 1
5435 2121 1
5747 2121 1
8049 2121 1
8058 2121 1
8259 2121 1
265 2123 1
1270 2123 1
2493 2123 1
2616 2123 1
2725 2123 1
4889 2123 1
5300 2123 1
5954 2123 1
7115 2123 1
8659 2123 1
9561 2123 1
11179 2123 1
3891 2131 1
990 2133 1
1082 2133 1
1166 2133 1
1596 2133 1
1628 2133 1
1663 2133 1
2368 2133 1
3439 2133 1
4938 2133 1
4962 2133 1
6190 2133 1
7848 2133 1
8140 2133 1
8292 2133 1
9029 2133 1
9410 2133 1
10161 2133 1
10393 2133 1
2616 2135 1
8549 2135 1
9076 2135 1
10293 2135 1
9614 2139 1
3735 2140 1
7043 2140 1
7710 2140 1
10393 2140 1
3073 2152 1
8292 2152 1
9610 2152 1
7748 2166 1
10009 2166 1
1365 2169 1
5727 2169 1
8397 2169 1
10094 2169 1
2642 2178 1
6212 2181 1
7791 2181 1
10212 2181 1
11305 2182 1
451 2186 1
8240 2186 1
9204 2186 1
10009 2186 1
11101 2186 1
10842 2188 1
2692 2192 1
3922 2192 1
4841 2192 1
5115 2192 1
9610 2192 1
252 2194 1
276 2194 1
476 2194 1
1180 2194 1
1802 2194 1
4701 2194 1
5469 2194 1
6191 2194 1
7233 2194 1
9014 2194 1
9843 2194 1
10407 2194 1
2200 2196 1
617 2206 1
951 2206 1
2460 2206 1
2762 2206 1
5194 2206 1
6213 2206 1
8656 2206 1
8659 2206 1
9363 2206 1
183 2211 1
1660 2211 1
10392 2211 1
411 2217 1
816 2219 1
2660 2219 1
5996 2219 1
411 2230 1
816 2230 1
2969 2230 1
7017 2230 1
7549 2230 1
8611 2230 1
10008 2230 1
1838 2232 1
1190 2235 1
1808 2242 1
1850 2242 1
2783 2242 1
3566 2242 1
7710 2242 1
9561 2242 1
7128 2243 1
2963 2246 1
4604 2246 1
2482 2248 1
3547 2248 1
4841 2248 1
6186 2248 1
6872 2248 1
6957 2248 1
9098 2248 1
495 2256 1
52 2258 1
726 2258 1
951 2258 1
1485 2258 1
3500 2258 1
3758 2258 1
4017 2258 1
4159 2258 1
5727 2258 1
8020 2258 1
8452 2258 1
9561 2258 1
10401 2258 1
10431 2258 1
10860 2258 1
11014 2258 1
2095 2259 1
2463 2259 1
3502 2259 1
5592 2259 1
5734 2259 1
6186 2259 1
6444 2262 1
6736 2262 1
8881 2262 1
9155 2262 1
10204 2262 1
655 2263 1
8590 2265 1
5682 2278 1
6974 2278 1
7790 2278 1
7805 2287 1
8294 2287 1
10860 2287 1
985 2288 1
1808 2288 1
3371 2288 1
6444 2288 1
9363 2288 1
10539 2288 1
10581 2288 1
595 2293 1
932 2293 1
1714 2293 1
3258 2293 1
3567 2293 1
9029 2293 1
9204 2293 1
252 2302 1
380 2302 1
2482 2302 1
3327 2302 1
4528 2302 1
6391 2302 1
7068 2302 1
7233 2302 1
21 2303 2
3911 2303 2
5372 2303 2
10507 2303 2
4155 2306 1
4727 2306 1
5598 2306 1
121 2308 1
3270 2308 1
3970 2308 1
4443 2308 1
4584 2308 1
6040 2308 1
7079 2308 1
9011 2308 1
9029 2308 1
10806 2308 1
827 2311 1
4600 2311 1
5097 2311 1
5813 2311 2
6186 2311 1
7492 2318 1
8425 2318 1
10009 2318 1
5303 2325 1
10393 2325 1
2590 2332 1
630 2344 1
8516 2344 1
1011 2357 1
4016 2357 1
7790 2357 1
182 2363 1
3966 2363 1
7725 2365 1
7935 2365 1
8722 2365 1
10250 2365 1
5115 2366 1
6065 2366 1
6212 2366 1
2593 2378 1
3540 2378 1
6186 2378 1
7772 2378 1
4471 2382 1
4841 2382 1
10667 2382 1
3109 2385 1
9064 2385 1
9527 2385 1
629 2387 1
4426 2387 1
5115 2387 1
5690 2387 1
7767 2387 1
7947 2387 1
9148 2387 1
11305 2387 1
5115 2388 1
7710 2388 1
10436 2388 1
182 2389 1
4251 2389 1
839 2394 1
1082 2394 1
1628 2394 1
1700 2394 1
2131 2394 1
3073 2394 1
3371 2394 1
4871 2394 1
5115 2394 1
6153 2394 1
6212 2394 1
6692 2394 1
6757 2394 1
6832 2394 1
7079 2394 1
7423 2394 1
7730 2394 1
7799 2394 1
8344 2394 1
8675 2394 1
8951 2394 1
9172 2394 1
9219 2394 1
9561 2394 1
10212 2394 1
10539 2394 1
932 2395 1
2854 2395 1
6444 2395 1
9527 2395 1
2193 2398 2
8951 2410 1
2146 2428 1
4325 2428 1
4426 2428 1
9052 2428 1
476 2431 1
1190 2431 1
9824 2431 1
2416 2438 1
4195 2438 1
5786 2438 1
7206 2438 1
7514 2438 1
7633 2438 1
8005 2438 1
515 2439 1
655 2439 1
5641 2439 1
8289 2439 1
252 2446 1
4073 2446 1
7233 2446 1
2649 2447 1
4053 2454 1
4922 2454 1
5727 2454 1
5946 2454 1
9318 2454 1
9901 2454 1
10043 2454 1
10161 2454 1
5500 2456 1
9776 2456 1
951 2459 1
1011 2459 1
2784 2459 1
3663 2459 1
6212 2459 1
8881 2459 1
9363 2459 1
38 2463 1
1895 2463 1
2386 2463 1
2416 2463 1
3547 2463 1
6186 2463 1
7082 2463 1
8425 2463 1
9148 2463 1
9204 2463 1
3329 2464 1
5341 2464 1
7138 2464 1
8475 2464 1
1718 2474 1
8473 2474 1
9561 2474 1
9733 2474 1
3448 2477 1
5258 2477 1
11364 2477 1
572 2479 1
8240 2479 1
10793 2482 1
7790 2486 1
3270 2495 1
9753 2495 1
252 2499 1
1895 2499 1
4944 2499 1
5339 2499 1
8424 2499 1
10706 2501 1
236 2504 1
252 2507 1
768 2507 1
1705 2507 1
2416 2507 1
3359 2507 1
3807 2507 1
4528 2507 1
4651 2507 1
4701 2507 1
5300 2507 1
8005 2507 1
8878 2507 1
9812 2507 1
9824 2507 1
10051 2507 1
11019 2507 1
11259 2507 1
1180 2514 1
4857 2514 1
5807 2514 1
5988 2514 1
8759 2514 1
866 2527 1
1011 2527 1
3073 2527 1
3270 2527 1
3353 2527 1
3466 2527 1
5483 2527 1
7730 2527 1
8292 2527 1
8772 2527 1
10161 2527 1
11118 2527 1
2763 2534 1
3061 2534 1
4787 2534 1
5160 2534 1
8722 2534 1
9563 2534 1
9980 2534 1
10146 2534 1
10254 2534 1
10393 2534 1
9187 2536 1
513 2542 1
513 2554 1
4002 2554 1
6526 2554 1
10229 2554 1
1846 2558 1
5253 2558 1
6186 2558 1
10859 2558 1
4033 2559 1
10325 2559 1
1770 2570 1
5467 2570 1
7443 2570 1
8516 2570 1
1097 2571 1
3923 2576 1
9410 2578 1
8516 2593 1
2902 2595 1
9536 2595 1
9561 2595 1
656 2598 1
604 2607 1
8431 2607 1
9776 2607 1
2681 2616 1
9561 2616 1
9814 2616 1
4942 2625 1
8676 2625 1
5308 2628 1
5500 2628 1
6777 2628 1
1365 2629 1
1574 2629 1
2805 2629 1
3328 2629 1
6808 2629 1
7342 2629 1
7616 2629 1
7693 2629 1
7725 2629 1
8286 2629 1
9176 2629 1
9328 2629 1
9880 2629 1
1180 2638 1
1563 2638 1
1687 2638 1
3970 2638 1
4404 2638 1
4857 2638 1
4942 2638 1
5086 2638 1
6354 2638 1
6421 2638 1
6602 2638 1
7203 2638 1
8550 2638 1
8955 2638 1
9000 2638 1
11111 2638 1
3158 2641 1
3422 2641 1
4053 2641 1
4645 2641 1
4741 2641 1
4920 2641 1
5259 2641 1
5682 2641 1
6309 2641 1
7079 2641 1
7434 2641 1
7633 2641 1
9287 2641 1
9561 2641 1
9943 2641 1
2790 2642 1
4141 2642 1
5308 2642 1
8329 2642 1
7286 2649 1
10486 2649 1
252 2653 1
1604 2653 1
2318 2653 1
2783 2653 1
3022 2653 1
4944 2653 1
6391 2653 1
6572 2653 1
11009 2653 1
629 2662 1
3320 2662 1
5303 2662 1
6695 2662 1
9796 2662 1
1454 2668 1
1684 2668 1
2494 2668 1
3372 2668 1
4241 2668 1
5254 2668 1
5500 2668 1
6462 2668 1
8207 2668 1
8508 2668 1
8516 2668 1
8848 2668 1
2867 2674 1
5148 2674 1
10217 2674 1
281 2679 1
497 2679 2
515 2679 1
1190 2679 1
1415 2679 1
1677 2679 2
1687 2679 1
2380 2679 1
3471 2679 1
4325 2679 1
4424 2679 1
4701 2679 1
4883 2679 1
5353 2679 1
7047 2679 1
7492 2679 1
7810 2679 1
8404 2679 1
8549 2679 1
8878 2679 1
9625 2679 1
9969 2679 1
11019 2679 1
453 2682 1
2265 2682 1
2616 2682 1
3835 2682 1
5346 2682 1
6186 2682 1
8049 2682 1
8112 2682 1
673 2688 1
786 2688 1
2380 2688 1
2440 2688 1
2693 2688 1
6526 2688 1
7868 2688 1
9400 2688 1
10762 2688 1
11038 2688 1
5500 2692 1
5500 2693 1
52 2706 1
1714 2706 1
3190 2706 1
4053 2706 1
5794 2706 1
7208 2706 1
8550 2706 1
9226 2706 1
10254 2706 1
1251 2720 1
2617 2720 1
5160 2720 1
8756 2720 1
10393 2720 1
8549 2725 1
8607 2725 1
8608 2725 1
8840 2725 1
9149 2725 1
10484 2725 1
601 2728 1
762 2728 1
2024 2728 1
2380 2728 1
3022 2728 1
4076 2728 1
4528 2728 2
4712 2728 1
4727 2728 1
4989 2728 1
5035 2728 1
5160 2728 1
5562 2728 1
5813 2728 1
6025 2728 1
6354 2728 1
6445 2728 1
6602 2728 1
6695 2728 1
6903 2728 1
7389 2728 1
7482 2728 1
7710 2728 1
8820 2728 1
9000 2728 1
9014 2728 1
9346 2728 1
9396 2728 1
9469 2728 1
10053 2728 1
10476 2728 1
11101 2728 1
476 2734 1
9204 2734 1
4139 2738 1
617 2739 1
5003 2739 1
513 2742 1
6066 2742 1
6526 2742 1
183 2746 1
609 2746 1
640 2746 1
2260 2746 1
2540 2746 1
2649 2746 1
7732 2746 1
9162 2746 1
9254 2746 1
10208 2746 1
5276 2750 1
6516 2750 1
6908 2750 1
1011 2753 1
5592 2773 1
6038 2773 1
6317 2773 1
6777 2773 1
6798 2773 1
6942 2773 1
7046 2773 1
8259 2773 1
9149 2773 1
9752 2773 1
11101 2773 1
572 2780 1
628 2780 1
5346 2780 1
6777 2780 1
10350 2780 1
2692 2783 1
2642 2790 1
3317 2794 1
5346 2794 1
5435 2794 1
6526 2794 1
6769 2794 1
7443 2794 1
11101 2794 1
3891 2795 1
7138 2795 1
8742 2795 1
10628 2795 1
3891 2804 1
252 2807 1
1021 2807 1
2743 2807 1
4625 2807 1
5810 2807 1
9148 2807 1
9774 2807 1
4923 2812 1
10478 2817 1
893 2819 1
1380 2819 1
1497 2819 1
2166 2819 1
3224 2819 1
3584 2819 1
4010 2819 1
4502 2819 1
5401 2819 1
6526 2819 1
6883 2819 1
7115 2819 1
7783 2819 1
8516 2819 1
8608 2819 1
9677 2819 1
10360 2819 1
653 2850 1
2440 2850 1
3787 2850 1
5115 2850 1
5253 2850 1
6526 2850 1
7710 2850 1
773 2860 1
2580 2860 1
9148 2860 1
9400 2860 1
1835 2867 1
3380 2867 1
4156 2867 1
10364 2867 1
11035 2867 1
1573 2874 1
8292 2874 1
5325 2876 1
5804 2876 1
6017 2876 1
6212 2876 1
7079 2876 1
7473 2876 1
8050 2876 1
9011 2876 1
9561 2876 1
4222 2880 1
7732 2884 1
1011 2886 1
2279 2886 1
4175 2901 1
9076 2905 1
1082 2912 1
2099 2912 1
2805 2912 1
5330 2912 1
5720 2912 1
7058 2912 1
9053 2912 1
9242 2912 1
10198 2912 1
10782 2912 1
11362 2912 1
411 2913 1
6526 2913 1
11101 2913 1
11111 2915 1
8125 2916 1
1388 2920 1
2493 2920 1
4175 2920 1
6190 2920 1
7633 2920 1
7710 2920 1
7947 2920 1
653 2939 1
2440 2939 1
2638 2939 1
2688 2939 1
5115 2939 1
5135 2939 1
7710 2939 1
9138 2939 1
10053 2939 1
11188 2939 1
11305 2939 1
515 2942 1
653 2942 1
755 2942 1
2416 2942 1
5164 2942 1
5353 2942 1
5641 2942 1
8878 2942 1
9148 2942 1
11131 2942 1
4250 2945 1
5484 2945 1
9363 2945 1
252 2954 1
845 2954 1
1180 2954 1
3471 2954 1
9849 2954 1
1585 2956 1
5346 2959 1
5435 2959 1
5583 2959 1
5747 2959 1
7347 2959 1
8058 2959 1
8259 2959 1
8992 2959 1
9850 2959 1
588 2972 1
1846 2972 1
4561 2972 1
7783 2972 1
8508 2972 1
10962 2984 1
2360 2986 1
2461 2986 1
4053 2986 1
4927 2986 1
5160 2986 1
6818 2986 1
6974 2986 1
9795 2986 1
10393 2986 1
11019 2986 1
1718 2995 1
656 2997 1
8742 2997 1
8830 2997 1
3571 3003 1
335 3004 1
951 3008 1
2783 3008 1
6974 3008 1
7790 3008 1
9681 3008 1
9973 3008 1
6212 3010 1
8084 3010 1
8626 3010 1
10540 3010 1
5592 3011 1
6762 3011 1
9076 3011 1
1082 3026 1
4299 3026 1
4781 3026 1
5047 3026 1
5598 3026 1
7039 3026 1
7159 3026 1
7710 3026 1
7954 3026 1
8555 3026 1
10185 3026 1
10212 3026 1
10393 3026 1
61 3027 1
468 3027 1
2308 3027 1
2590 3027 1
3500 3027 1
4435 3027 1
5001 3027 1
6348 3027 1
6730 3027 1
6817 3027 1
7007 3027 1
7824 3027 1
8415 3027 1
8604 3027 1
9242 3027 1
9275 3027 1
9363 3027 1
9373 3027 1
9594 3027 1
10412 3027 1
10675 3027 1
1677 3032 1
2055 3032 1
2617 3032 1
3859 3032 1
7671 3032 1
10762 3032 1
629 3037 1
936 3037 1
1714 3037 1
1911 3037 1
2616 3037 1
2854 3037 1
4175 3037 1
5047 3037 1
5115 3037 1
5899 3037 1
6695 3037 1
6719 3037 1
6923 3037 1
7509 3037 1
8555 3037 1
9155 3037 1
10053 3037 1
6963 3040 1
7058 3040 1
11058 3040 1
6292 3041 1
9585 3044 1
4315 3052 1
4175 3053 1
2247 3055 1
8547 3055 1
1365 3063 1
1850 3063 1
2189 3063 1
6974 3063 1
7648 3063 1
8294 3063 1
9168 3063 1
10325 3063 1
11019 3063 1
182 3064 1
1386 3064 1
3662 3064 1
4599 3064 1
5258 3064 1
6798 3064 1
10010 3064 1
6526 3066 1
8049 3066 1
8058 3066 1
9076 3066 1
10981 3066 1
932 3072 1
1082 3072 1
1090 3072 1
3109 3072 1
3270 3072 1
3439 3072 1
3758 3072 1
5483 3072 1
5899 3072 1
7165 3072 1
7710 3072 1
9971 3072 1
2308 3073 1
7868 3073 1
10204 3073 1
10235 3073 1
4878 3077 1
7342 3077 1
8611 3077 1
3003 3088 1
866 3109 1
1211 3109 1
1573 3109 1
2308 3109 1
3663 3109 1
6190 3109 1
6212 3109 1
6405 3109 1
7323 3109 1
8762 3109 1
5725 3116 1
601 3117 1
970 3117 1
3370 3117 1
3904 3117 1
4159 3117 1
5325 3117 1
5664 3117 1
6212 3117 1
6494 3117 1
7079 3117 1
7614 3117 1
7925 3117 1
9363 3117 1
11118 3117 1
8294 3120 1
1232 3121 1
2318 3121 1
4036 3121 1
5283 3121 1
162 3126 1
3022 3126 1
1853 3128 1
2058 3128 1
3875 3128 1
3891 3128 1
4139 3128 1
6066 3128 1
6090 3128 2
6136 3128 1
6142 3128 1
6582 3128 1
7138 3128 1
7707 3128 1
9004 3128 1
10478 3128 1
10554 3128 1
11101 3128 1
713 3129 1
2536 3129 1
2967 3129 1
9490 3129 1
9845 3129 1
656 3135 1
2536 3135 1
3070 3135 1
6066 3135 1
6578 3135 1
9004 3135 1
431 3136 1
1266 3136 1
1430 3136 2
1684 3136 1
3219 3136 1
5284 3136 1
5341 3136 1
6143 3136 1
8038 3136 1
8112 3136 1
8475 3136 1
9725 3136 1
9728 3136 1
10104 3136 1
11364 3136 1
599 3139 1
3303 3139 1
7133 3139 1
8431 3139 1
9363 3139 1
9561 3139 1
2783 3152 1
3933 3152 1
9011 3152 1
183 3162 1
951 3162 1
2649 3162 1
2774 3162 1
3182 3162 1
3582 3162 1
5727 3162 1
6841 3162 1
6888 3162 1
11058 3162 1
2308 3173 1
6391 3181 1
2596 3190 1
4994 3190 1
5794 3190 1
10254 3190 1
3728 3203 1
5115 3203 1
5211 3213 1
2493 3217 1
3863 3217 1
4951 3217 1
6963 3217 1
8781 3217 1
9099 3217 1
10782 3217 1
278 3218 1
387 3218 1
1021 3218 1
1615 3218 1
1834 3218 1
2481 3218 1
3010 3218 1
3922 3218 1
3974 3218 1
4168 3218 1
4175 3218 1
4195 3218 1
4239 3218 1
5072 3218 1
5115 3218 1
5562 3218 1
5762 3218 1
5804 3218 1
5990 3218 1
6131 3218 1
7446 3218 1
7868 3218 1
8283 3218 1
8425 3218 1
9014 3218 1
10364 3218 1
10924 3218 1
11138 3218 1
128 3224 1
451 3224 1
1043 3224 1
2743 3224 1
5734 3224 1
8659 3224 1
9204 3224 1
10009 3224 1
10989 3224 1
1119 3229 1
7423 3229 1
5346 3239 1
8058 3239 1
8259 3239 1
3703 3246 1
6883 3246 1
10757 3247 1
6754 3250 1
8397 3250 1
3393 3258 1
3848 3258 1
4213 3258 1
4315 3258 1
5213 3258 1
5250 3258 1
5271 3258 1
5682 3258 1
5804 3258 1
5909 3258 1
6824 3258 1
7511 3258 1
8140 3258 1
8359 3258 1
9219 3258 1
10304 3258 1
10319 3258 1
1082 3270 1
2139 3270 1
2783 3270 1
4175 3270 1
5804 3270 1
9064 3270 1
4175 3289 1
9610 3289 1
1573 3292 1
2200 3292 1
2451 3292 1
2926 3292 1
3073 3292 1
6212 3292 1
7423 3292 1
8584 3292 1
9940 3292 1
4453 3299 1
5115 3308 1
8289 3308 1
9508 3308 1
307 3309 1
8762 3309 1
9300 3309 1
10275 3309 1
936 3312 1
7203 3317 1
264 3320 1
7772 3324 1
2642 3325 1
6849 3336 1
515 3347 1
1251 3347 1
2638 3347 1
4064 3347 1
7443 3347 1
7514 3347 1
7633 3347 1
7640 3347 1
8289 3347 1
9052 3347 1
9848 3347 1
10762 3347 1
630 3350 1
3383 3350 1
4103 3350 1
5573 3350 1
6478 3350 1
7783 3350 1
8058 3350 1
3270 3353 1
7356 3353 1
2493 3356 1
6970 3356 1
2725 3359 1
3224 3359 1
3365 3359 1
4064 3359 1
5401 3359 1
8549 3359 1
8736 3359 1
411 3361 1
6526 3361 1
1037 3366 1
4139 3366 1
8475 3366 1
4051 3367 1
281 3370 1
333 3370 1
515 3370 1
1115 3370 1
1190 3370 1
1570 3370 1
1628 3370 1
1782 3370 1
1798 3370 1
2064 3370 1
2300 3370 1
2692 3370 1
2805 3370 1
2895 3370 1
3304 3370 1
3403 3370 1
4141 3370 1
4272 3370 1
4584 3370 1
4701 3370 1
4771 3370 1
5332 3370 1
5573 3370 1
5597 3370 1
5777 3370 1
5804 3370 1
5990 3370 1
6143 3370 1
6470 3370 1
6629 3370 2
6736 3370 1
7027 3370 1
7151 3370 1
7492 3370 2
7868 3370 1
7998 3370 1
8271 3370 1
8424 3370 1
8425 3370 1
9011 3370 1
9148 3370 1
9391 3370 1
9441 3370 1
10051 3370 1
10208 3370 1
10217 3370 1
10253 3370 1
10972 3370 2
11152 3370 1
11188 3370 1
1089 3372 1
1252 3372 1
2380 3372 1
4528 3372 1
8590 3372 1
8772 3372 1
5269 3375 1
2308 3377 1
5325 3377 1
9391 3377 1
10319 3377 1
276 3378 1
572 3378 1
2783 3378 1
9148 3378 1
9969 3378 1
10432 3378 1
3073 3387 1
4435 3387 1
6580 3387 1
10806 3387 1
252 3390 1
1798 3390 1
4471 3390 1
4857 3390 1
8449 3396 1
252 3401 1
1922 3401 1
11026 3401 1
11131 3401 1
3891 3405 1
8024 3405 1
252 3406 1
2416 3406 1
4347 3406 1
5253 3406 1
6391 3406 1
7233 3406 1
7741 3406 1
9148 3406 1
2854 3409 1
5874 3409 1
1677 3410 1
1834 3410 1
2333 3410 1
3308 3410 1
4729 3410 1
5115 3410 1
5500 3410 1
5786 3410 1
7633 3410 1
8423 3410 1
9458 3410 1
574 3413 1
4883 3413 1
5086 3413 1
5256 3413 1
5258 3413 1
5592 3413 1
5658 3413 1
6186 3413 1
8608 3413 1
9346 3413 1
9549 3413 1
9561 3413 1
9689 3413 1
9849 3413 1
579 3419 1
2855 3419 1
4734 3419 1
2513 3422 1
6017 3424 1
128 3428 1
5484 3428 1
7208 3428 1
7312 3428 1
10294 3428 1
10675 3428 1
3417 3439 1
8771 3439 1
6449 3442 1
6684 3442 1
2487 3444 1
515 3451 1
1705 3451 1
3807 3451 1
4701 3451 1
4740 3451 1
5469 3451 1
7206 3451 1
7492 3451 1
7633 3451 1
9774 3451 1
9812 3451 1
387 3452 1
2897 3452 1
5086 3452 1
7347 3452 1
8774 3452 1
2649 3458 1
3941 3458 1
6974 3458 1
9681 3458 1
7708 3460 1
951 3461 1
1255 3461 1
4878 3461 1
7356 3461 1
7548 3461 1
10486 3464 1
6444 3465 1
3271 3468 1
2280 3470 1
3571 3477 1
1047 3482 1
2258 3482 1
3500 3482 1
4453 3482 1
5794 3482 1
9594 3482 1
4288 3488 1
5341 3488 1
5372 3488 1
5500 3488 1
8848 3488 1
9454 3488 1
9554 3488 1
10507 3488 1
11364 3488 1
4315 3489 2
5346 3489 2
6526 3489 2
7783 3489 2
8058 3489 2
8134 3489 2
9076 3489 2
11101 3489 2
8755 3490 1
8991 3490 1
9242 3490 1
2855 3491 1
5372 3491 1
9877 3491 1
10592 3497 1
5689 3500 1
9023 3500 1
572 3502 1
5346 3502 1
6282 3502 1
8180 3502 1
4343 3503 1
4701 3503 1
4857 3503 1
5353 3503 1
8759 3503 1
11026 3503 1
3158 3510 1
52 3512 1
566 3512 1
609 3512 1
1328 3512 1
1365 3512 1
3271 3512 1
3500 3512 1
4165 3512 1
4942 3512 1
5160 3512 1
5597 3512 1
7732 3512 1
8873 3512 1
8917 3512 1
8991 3512 1
9547 3512 1
10575 3512 1
2854 3521 1
5115 3521 1
10486 3521 1
6877 3522 1
9176 3522 1
10208 3522 1
10539 3522 1
387 3535 1
5346 3535 1
9531 3535 1
8024 3537 1
11101 3537 1
11217 3540 1
515 3541 1
2380 3541 1
3022 3541 1
10539 3541 1
10981 3541 1
368 3542 1
2124 3542 1
10876 3545 1
4502 3547 1
2590 3553 1
3553 3553 1
3807 3553 1
4701 3553 1
9014 3553 1
10051 3553 1
214 3554 1
3751 3554 1
515 3563 1
1180 3563 1
3022 3563 1
5300 3563 1
8511 3563 1
10051 3563 1
11131 3563 1
2416 3565 1
2783 3565 1
7130 3565 1
8425 3565 1
10142 3565 1
252 3569 1
476 3569 1
515 3569 1
1798 3569 1
4347 3569 1
10667 3569 1
2300 3571 1
8326 3571 1
10149 3571 1
11364 3571 1
2805 3587 1
3461 3587 1
5712 3587 1
5962 3587 1
7519 3587 1
8516 3593 1
866 3595 1
1365 3595 1
3977 3595 1
5597 3595 1
7175 3595 1
7790 3595 1
8319 3595 1
8619 3595 1
9585 3595 1
9944 3595 1
10401 3595 1
10627 3595 1
10712 3595 1
11019 3595 1
11058 3595 1
4426 3596 1
682 3606 1
951 3606 1
1255 3606 1
1718 3606 1
2380 3606 1
3566 3606 1
3649 3606 1
4435 3606 1
7473 3606 1
10185 3606 1
10387 3606 1
1307 3618 1
3540 3618 1
5346 3618 1
8431 3618 1
6526 3619 1
6777 3619 1
8396 3619 1
1011 3630 1
2096 3630 1
2895 3630 1
5325 3630 1
10208 3630 1
3022 3642 1
6186 3646 1
6257 3646 1
8011 3646 1
617 3649 1
1737 3649 1
1782 3649 1
2762 3649 1
3073 3649 1
4644 3649 1
4871 3649 1
5325 3649 1
6444 3649 1
9227 3649 1
10165 3649 1
11007 3649 1
1082 3655 1
1104 3655 1
2466 3655 1
3461 3655 1
4857 3655 1
4878 3655 1
5215 3655 1
5325 3655 1
6905 3655 1
7548 3655 1
8611 3655 1
10509 3655 1
1082 3663 2
6040 3663 1
9081 3663 1
252 3666 1
380 3666 1
1833 3666 1
2416 3666 1
6199 3666 1
6272 3666 1
6391 3666 1
8425 3666 1
9148 3666 1
9561 3666 1
9076 3678 1
5325 3688 1
10319 3688 1
630 3697 1
4141 3697 1
4769 3697 1
6038 3697 1
6526 3697 1
7708 3697 1
8024 3697 1
8283 3697 1
8475 3697 1
10554 3697 1
4002 3703 1
7708 3703 1
578 3706 1
3422 3706 1
4272 3706 1
7473 3706 1
591 3711 1
2642 3711 1
10700 3711 1
4677 3718 1
8626 3718 1
10208 3718 1
1394 3719 1
3224 3719 1
4064 3719 1
4168 3719 1
8240 3719 1
8590 3719 1
9849 3719 1
379 3725 1
451 3725 1
515 3725 1
595 3725 1
1180 3725 1
2416 3725 1
2616 3725 1
3290 3725 1
3372 3725 1
5861 3725 1
5903 3725 1
6539 3725 1
7282 3725 1
7910 3725 1
8030 3725 1
8808 3725 1
9812 3725 1
10051 3725 1
11019 3725 1
1365 3726 1
6685 3726 1
9053 3726 1
4168 3735 1
6232 3735 1
6546 3735 1
7206 3735 1
8560 3735 1
9214 3735 1
10350 3735 1
10364 3735 1
11013 3735 1
11179 3735 1
387 3748 1
3748 3748 1
6186 3748 1
8549 3748 1
8623 3767 1
6066 3769 1
10887 3769 1
9138 3770 1
609 3777 1
1707 3777 1
2559 3777 1
6490 3777 1
6818 3777 1
8624 3777 1
10851 3777 1
306 3786 1
1716 3786 1
5804 3786 1
7423 3786 1
970 3788 1
4338 3788 1
839 3789 1
3663 3789 1
5160 3789 1
5325 3789 1
5749 3789 1
5975 3789 1
6212 3789 1
7642 3789 1
8344 3789 1
9224 3789 1
10995 3789 1
6186 3806 1
2855 3820 1
5372 3820 1
476 3824 1
252 3831 1
380 3831 1
3950 3831 1
4841 3831 1
5339 3831 1
6186 3831 1
6296 3831 1
7082 3831 1
7115 3831 1
8425 3831 1
9148 3831 1
9849 3831 1
10749 3831 1
10976 3831 1
4176 3837 1
933 3838 1
4494 3838 1
4960 3838 1
5450 3838 1
515 3845 1
1747 3845 1
1845 3845 1
5353 3845 1
7233 3845 1
9087 3845 1
1072 3847 1
5372 3847 1
3270 3848 1
4920 3848 1
7346 3848 1
11007 3848 1
8659 3850 1
11014 3850 1
1884 3863 1
7304 3863 1
630 3870 1
1846 3870 1
3891 3870 1
4407 3870 1
8049 3870 1
8058 3870 1
10915 3870 1
535 3875 1
3171 3875 1
6114 3875 1
6582 3875 1
424 3880 1
936 3880 1
951 3880 1
1011 3880 1
1082 3880 1
1714 3880 1
2380 3880 1
2440 3880 1
3224 3880 1
3303 3880 1
3466 3880 1
3649 3880 1
3970 3880 1
4076 3880 1
4584 3880 1
5160 3880 1
5167 3880 1
5573 3880 1
5804 3880 1
6171 3880 1
6354 3880 1
6629 3880 1
7548 3880 1
7702 3880 1
8659 3880 1
8676 3880 1
8820 3880 1
9000 3880 1
9212 3880 1
9410 3880 1
9943 3880 1
11118 3880 1
1739 3881 1
8174 3881 1
9087 3881 1
11019 3881 1
5592 3882 1
8049 3882 1
8174 3882 1
9155 3888 1
4160 3891 1
7790 3894 1
2193 3896 1
2463 3896 2
2783 3896 1
9465 3896 1
736 3901 1
2185 3901 1
7047 3901 1
11007 3901 1
11118 3901 1
476 3902 1
1190 3902 1
2867 3902 1
3922 3902 1
5807 3902 1
6191 3902 1
9649 3902 1
9776 3902 1
9777 3902 1
10051 3902 1
1266 3905 1
4139 3905 1
2095 3912 1
2383 3912 1
4471 3912 1
8240 3912 1
8608 3912 1
9446 3912 1
9677 3912 1
10839 3912 1
1782 3916 1
6684 3916 1
6806 3916 1
10860 3916 1
572 3921 1
4876 3921 1
5652 3921 1
9076 3921 1
9204 3921 1
9959 3921 1
10009 3921 1
726 3929 1
1011 3929 1
4727 3929 1
4910 3929 1
6213 3929 1
846 3933 1
860 3933 1
1782 3933 1
3815 3933 1
7519 3933 1
7790 3933 1
9023 3933 1
951 3934 1
3500 3934 1
4453 3934 1
5720 3934 1
7007 3934 1
7342 3934 1
8060 3934 1
10254 3934 1
7356 3937 1
345 3941 1
1568 3941 1
4942 3941 1
5727 3941 1
6683 3941 1
6777 3941 1
6974 3941 1
8991 3941 1
10357 3941 1
1190 3948 1
2867 3948 1
3381 3948 1
4701 3948 1
5164 3948 1
7487 3948 1
7633 3948 1
9871 3948 1
10051 3948 1
11019 3948 1
11188 3948 1
951 3953 1
3500 3953 1
4017 3953 1
6684 3953 1
10254 3953 1
10860 3953 1
919 3957 1
1097 3957 1
1100 3957 1
1573 3957 1
3387 3957 1
7342 3957 1
7549 3957 1
10009 3958 1
8951 3963 1
535 3966 1
1073 3966 1
1771 3966 1
2536 3966 1
3003 3966 1
4103 3966 1
4599 3966 1
6142 3966 1
7680 3966 1
11364 3966 1
1082 3968 1
5777 3968 1
7336 3968 1
1082 3969 1
1714 3969 1
2258 3969 1
3271 3969 1
3373 3969 1
3655 3969 1
4453 3969 1
5720 3969 1
6817 3969 1
7549 3969 1
8135 3969 1
9594 3969 1
10254 3969 1
10827 3969 1
7423 3970 1
1415 3983 1
2764 3983 1
8174 3983 1
1798 3984 1
3022 3984 1
7314 3984 1
8878 3984 1
10842 3989 1
7544 3991 1
7790 3991 1
8611 3991 1
11011 3991 1
476 4000 1
5229 4000 1
8174 4000 1
10360 4000 1
10787 4000 1
10009 4010 1
699 4011 1
888 4011 1
1628 4011 1
3073 4011 1
3848 4011 1
4326 4011 1
6040 4011 1
6212 4011 1
6495 4011 1
8626 4011 1
9029 4011 1
1082 4028 1
5874 4028 1
6040 4028 1
6212 4032 1
9410 4032 1
10046 4032 1
306 4038 1
490 4038 1
867 4038 1
4053 4038 1
4443 4038 1
5009 4038 1
5142 4038 1
5199 4038 1
5204 4038 1
5325 4038 1
5597 4038 1
6212 4038 1
6526 4038 1
6605 4038 1
9011 4038 1
9733 4038 1
171 4042 1
1096 4042 1
1573 4042 1
1782 4042 1
2805 4042 1
3644 4042 1
4951 4042 1
7616 4042 1
4424 4052 1
6728 4052 1
7857 4052 1
10972 4052 1
5132 4056 1
5325 4058 1
9561 4058 1
3566 4072 1
3933 4072 1
9150 4072 1
10827 4072 1
2692 4091 1
4175 4091 1
5690 4091 1
6124 4091 1
7707 4091 1
9148 4091 1
5434 4103 1
888 4109 1
1714 4109 1
2200 4109 1
3522 4109 1
5483 4109 1
9036 4109 1
11111 4109 1
252 4113 1
2056 4113 1
2416 4113 1
2783 4113 1
4857 4113 1
8936 4113 1
9014 4113 1
9148 4113 1
2140 4121 1
2796 4121 1
2802 4121 1
5093 4121 1
5804 4121 1
6212 4121 1
7961 4121 1
5164 4124 1
6746 4124 1
7356 4124 1
8762 4124 1
9944 4124 1
866 4127 1
867 4127 1
1082 4127 1
1646 4127 1
1850 4127 1
2617 4127 1
2876 4127 1
3546 4127 1
3933 4127 1
4443 4127 1
5719 4127 1
7445 4127 1
7492 4127 1
7549 4127 1
9149 4127 1
9536 4127 1
10208 4127 1
10524 4127 1
1714 4133 1
4445 4133 1
6857 4133 1
9036 4133 1
9242 4133 1
9358 4133 1
10860 4133 1
190 4135 1
515 4135 1
3807 4135 1
4640 4135 1
4651 4135 1
5164 4135 1
5641 4135 1
8878 4135 1
10606 4135 1
2536 4136 1
5500 4136 1
5953 4136 1
11364 4136 1
9678 4141 1
5346 4145 1
1097 4152 1
1533 4152 1
2523 4152 1
7790 4153 1
8294 4153 1
599 4159 1
3073 4159 1
3371 4159 1
6444 4159 1
9204 4159 1
9824 4159 1
479 4160 1
1903 4160 2
2322 4160 1
2418 4160 1
2487 4160 1
3662 4160 1
3744 4160 1
3891 4160 1
4332 4160 1
5122 4160 1
5181 4160 2
6066 4160 1
8127 4160 1
8329 4160 1
8737 4160 1
8893 4160 1
9561 4160 1
10628 4160 1
951 4165 1
3224 4165 1
5597 4165 1
6374 4165 1
7868 4165 1
9275 4165 1
1082 4166 1
5483 4166 1
8471 4166 1
11111 4166 1
5020 4168 1
9762 4168 1
10360 4168 1
188 4174 1
5727 4174 1
6046 4174 1
6058 4174 1
7286 4174 1
7423 4174 1
9224 4174 1
9681 4174 1
9980 4174 1
10094 4174 1
1166 4175 1
1435 4175 1
6186 4175 1
7347 4175 1
9148 4175 1
7137 4180 1
3010 4183 1
7138 4189 1
9212 4189 1
820 4192 1
1563 4192 1
5600 4192 1
7018 4192 1
8485 4192 1
1011 4201 1
1823 4201 1
3304 4201 1
4727 4201 1
4942 4201 1
7018 4201 1
7346 4201 1
8292 4201 1
1770 4203 1
8024 4203 1
563 4218 1
2805 4218 1
3094 4218 1
3409 4218 1
4402 4218 1
4951 4218 1
6839 4218 1
7342 4218 1
7445 4218 1
7790 4218 1
8772 4218 1
8798 4218 1
9733 4218 1
9454 4222 1
9490 4224 2
951 4225 1
1887 4225 1
2649 4225 1
5829 4225 1
6176 4225 1
7175 4225 1
9795 4225 1
1119 4237 1
3439 4237 1
6213 4237 1
387 4239 1
479 4239 1
3261 4239 1
4369 4239 1
4665 4239 1
5179 4239 1
5181 4239 1
5880 4239 1
6308 4239 1
6323 4239 1
6526 4239 1
7199 4239 1
8174 4239 1
8185 4239 1
8475 4239 1
8814 4239 1
9728 4239 1
1850 4242 1
2266 4242 1
252 4246 1
2386 4246 1
2590 4246 1
2783 4246 1
4347 4246 1
6272 4246 1
6612 4246 1
6619 4246 1
8425 4246 1
8659 4246 1
10206 4246 1
712 4251 1
2606 4251 1
6526 4251 1
7203 4251 1
8024 4251 1
11138 4251 1
1831 4254 1
3644 4254 1
8917 4254 1
8329 4264 1
5208 4265 1
6153 4265 1
9363 4265 1
6213 4266 1
7356 4266 1
8756 4266 1
10265 4266 1
10319 4266 1
11019 4266 1
3380 4270 1
137 4275 1
2876 4275 1
3663 4275 1
5804 4275 1
7372 4275 1
7642 4275 1
8359 4275 1
1568 4284 1
1430 4287 1
3571 4287 1
4876 4287 1
5953 4287 1
6114 4287 1
6142 4287 1
7744 4287 1
7816 4287 1
8848 4287 1
11364 4287 1
6539 4289 1
8548 4289 1
333 4302 1
827 4302 1
8058 4302 1
108 4309 1
306 4309 1
1082 4309 1
2064 4309 1
3271 4309 1
3566 4309 1
4741 4309 1
5804 4309 1
5832 4309 1
9242 4309 1
9363 4309 1
9561 4309 1
10509 4309 1
726 4314 1
6818 4314 1
7522 4314 1
9585 4314 1
289 4325 1
424 4325 1
629 4325 1
653 4325 1
1388 4325 1
2279 4325 1
3037 4325 1
3191 4325 1
3381 4325 2
4426 4325 1
4443 4325 1
5035 4325 1
5115 4325 2
5557 4325 1
5861 4325 1
6191 4325 2
7423 4325 1
9400 4325 2
9504 4325 1
10071 4325 1
10262 4325 1
10393 4325 1
10762 4325 1
10924 4325 1
11305 4325 1
133 4326 1
699 4326 1
1082 4326 1
1850 4326 1
2410 4326 1
3461 4326 1
3895 4326 1
3970 4326 1
5008 4326 1
6212 4326 1
6396 4326 1
6444 4326 1
7473 4326 1
8772 4326 1
8877 4326 1
9023 4326 1
9029 4326 1
9224 4326 1
9561 4326 1
9885 4326 1
9935 4326 1
10673 4326 1
10806 4326 1
2366 4327 1
8299 4327 1
1548 4332 1
2243 4332 1
3370 4332 1
3571 4332 1
9248 4332 1
10478 4332 1
11364 4332 1
5990 4338 1
7762 4338 1
2593 4343 1
2783 4343 1
2786 4343 1
3503 4343 1
5988 4343 1
6186 4343 1
7443 4343 1
7492 4343 1
8424 4343 1
9276 4343 1
476 4347 1
3380 4347 1
9014 4347 1
9148 4347 1
5747 4351 1
128 4356 1
4182 4356 1
5500 4356 1
5093 4363 1
6212 4363 1
8951 4363 1
9155 4363 1
10185 4363 1
4175 4365 1
513 4367 1
1266 4367 1
2536 4367 1
4139 4367 1
6066 4367 1
9102 4367 1
5484 4372 1
6594 4374 1
7548 4374 1
9450 4374 1
2265 4376 1
5346 4376 1
3426 4379 1
3571 4379 1
6317 4379 1
8848 4379 1
200 4383 1
563 4383 1
1011 4383 1
2248 4383 1
2311 4383 1
2591 4383 1
3020 4383 1
3224 4383 1
3228 4383 1
3500 4383 1
3937 4383 1
4010 4383 1
4328 4383 1
4435 4383 1
5484 4383 1
5681 4383 1
6590 4383 1
6677 4383 1
7342 4383 1
7445 4383 1
7484 4383 1
7549 4383 1
8553 4383 1
8555 4383 1
8608 4383 1
9204 4383 1
10159 4383 1
10306 4383 1
10412 4383 1
10880 4383 1
368 4385 1
786 4385 1
1679 4385 1
2084 4385 1
2692 4385 1
3439 4385 1
4528 4385 1
5539 4385 1
7822 4385 1
8423 4385 1
8623 4385 1
9138 4385 1
9400 4385 1
10053 4385 2
10079 4385 1
10589 4385 1
10940 4385 1
166 4390 1
252 4390 1
424 4390 1
515 4390 1
572 4390 1
671 4390 1
1703 4390 1
1798 4390 1
2055 4390 1
2416 4390 1
2693 4390 1
4727 4390 1
5562 4390 1
5592 4390 1
5815 4390 1
6272 4390 1
6924 4390 1
7206 4390 1
7799 4390 1
8289 4390 1
8425 4390 1
8434 4390 1
8774 4390 1
9087 4390 1
9138 4390 1
9148 4390 1
9574 4390 1
10539 4390 1
6526 4391 1
11179 4391 1
252 4396 1
276 4396 1
2463 4396 1
4604 4396 1
5469 4396 1
424 4404 1
2580 4404 1
3068 4404 1
6190 4404 1
7710 4404 1
9148 4404 1
3158 4411 1
2265 4412 2
2463 4412 2
4625 4412 2
4889 4412 2
6328 4412 2
7115 4412 2
8180 4412 2
8516 4412 2
8590 4412 2
8608 4412 2
9149 4412 2
9849 4412 2
572 4415 1
1521 4415 1
1838 4415 1
2095 4415 2
2616 4415 1
2783 4415 1
3224 4415 1
4064 4415 1
4136 4415 1
4168 4415 1
4194 4415 1
4195 4415 1
4471 4415 1
4625 4415 1
4841 4415 1
5734 4415 1
6526 4415 1
6546 4415 1
8011 4415 1
8180 4415 1
8608 4415 1
8820 4415 1
9020 4415 1
9531 4415 1
9781 4415 1
9814 4415 1
9849 4415 1
9717 4423 1
281 4428 1
311 4428 1
2140 4428 2
4016 4428 1
4781 4428 1
5804 4428 1
6339 4428 1
6519 4428 1
7159 4428 1
9148 4428 1
9346 4428 1
9681 4430 1
10392 4430 1
5943 4431 1
306 4435 1
1127 4435 1
1184 4435 1
1479 4435 1
1839 4435 1
1850 4435 1
2064 4435 1
2655 4435 1
2671 4435 1
2805 4435 2
2945 4435 1
3514 4435 1
4442 4435 1
4448 4435 1
4453 4435 1
4623 4435 1
5160 4435 1
5746 4435 1
6052 4435 1
6684 4435 1
6970 4435 1
7058 4435 1
7138 4435 1
7790 4435 1
8294 4435 1
8481 4435 1
9363 4435 2
9415 4435 1
9561 4435 1
9594 4435 1
10284 4435 1
10782 4435 1
10827 4435 1
10842 4435 1
10860 4435 1
10880 4435 1
11094 4435 1
380 4441 1
9149 4456 1
10464 4456 1
2166 4461 1
3922 4461 1
5258 4461 1
5262 4461 1
5652 4461 2
7783 4461 2
8396 4461 1
8608 4461 1
3088 4481 1
1430 4492 1
2542 4492 1
3325 4492 1
4527 4492 1
4599 4492 1
6186 4492 1
8174 4492 1
10883 4492 1
10319 4495 1
1570 4505 1
1747 4505 1
8424 4505 1
9489 4517 1
7403 4525 1
9463 4525 1
10017 4525 1
8090 4527 1
3922 4528 1
3931 4528 1
6212 4533 1
10486 4533 1
773 4541 1
8424 4541 1
628 4548 1
3649 4554 1
8547 4554 1
630 4561 1
5205 4561 1
6777 4561 1
7783 4561 1
8134 4561 1
9561 4561 1
9991 4561 1
11358 4561 1
11350 4564 1
572 4567 1
430 4570 1
1082 4570 1
1255 4570 1
4906 4570 1
5035 4570 1
5115 4570 1
5135 4570 1
5804 4570 1
6320 4570 1
6730 4570 1
7159 4570 1
7423 4570 1
7767 4570 1
9366 4570 1
10977 4577 1
476 4578 1
4528 4578 1
3003 4580 1
1702 4581 1
5072 4581 1
5401 4581 1
6186 4581 1
6526 4581 1
8240 4581 1
9148 4581 1
9204 4581 1
9969 4581 1
2380 4583 1
3422 4583 1
5804 4583 1
11014 4583 1
1628 4586 1
1737 4586 1
3212 4586 1
4657 4586 1
5194 4586 1
5631 4586 1
9410 4586 1
9561 4586 1
2785 4598 1
3246 4598 1
6186 4598 1
6317 4598 1
8058 4598 1
8259 4598 1
8735 4598 1
10554 4598 1
128 4625 2
276 4625 2
1043 4625 2
4168 4625 2
4471 4625 2
5813 4625 2
6186 4625 2
6619 4625 2
9148 4625 2
9204 4625 2
9849 4625 2
10009 4625 2
10989 4625 2
11009 4625 2
3922 4634 1
8058 4634 1
1190 4635 1
1435 4635 1
2095 4635 1
2898 4635 1
4141 4635 1
4175 4635 1
4883 4635 1
5346 4635 1
6872 4635 1
6916 4635 1
8736 4635 1
10350 4635 1
2783 4639 1
1782 4645 1
3027 4645 1
3663 4645 1
3828 4645 1
4272 4645 1
5483 4645 1
6212 4645 1
7548 4645 1
8050 4645 2
8292 4645 1
8344 4645 1
10387 4645 1
10539 4645 1
10999 4645 1
11069 4645 1
276 4647 1
4604 4647 1
2692 4648 1
3485 4648 1
5115 4648 1
9482 4648 1
10205 4648 1
306 4653 1
563 4653 1
1100 4653 1
1110 4653 1
2663 4653 1
6684 4653 1
7342 4653 1
9042 4653 1
10880 4653 1
11115 4653 2
225 4657 1
867 4657 1
1966 4657 1
2596 4657 1
3461 4657 1
4272 4657 1
4878 4657 1
5884 4657 1
6186 4657 1
6212 4657 1
6434 4657 1
6437 4657 1
7133 4657 1
7153 4657 1
7246 4657 1
7319 4657 1
7642 4657 1
8368 4657 1
8473 4657 1
8534 4657 1
9011 4657 1
9079 4657 1
9181 4657 1
9224 4657 1
9561 4657 1
9942 4657 1
10198 4657 1
513 4665 1
3663 4677 1
10486 4677 1
2208 4678 1
3662 4678 1
6066 4678 1
7138 4678 1
8449 4678 1
10557 4678 1
3891 4681 1
1707 4684 1
2665 4685 1
5463 4685 1
1443 4687 1
4407 4687 1
6769 4687 1
7274 4687 1
8516 4687 1
11238 4687 1
5929 4689 1
11358 4689 1
9150 4702 1
11138 4702 1
572 4715 1
1967 4717 1
6065 4717 1
6190 4717 1
4883 4732 1
3471 4739 1
5641 4739 1
8423 4739 1
3320 4740 1
594 4742 1
932 4742 1
1082 4742 1
1180 4742 2
1203 4742 1
1315 4742 1
1700 4742 1
2049 4742 1
2160 4742 1
2185 4742 1
2895 4742 1
3073 4742 1
3461 4742 1
3663 4742 1
3829 4742 1
3871 4742 1
4192 4742 1
4424 4742 1
4443 4742 1
4448 4742 1
4645 4742 1
4811 4742 1
4871 4742 1
4942 4742 1
5325 4742 1
5479 4742 1
5483 4742 1
5597 4742 1
5720 4742 1
5777 4742 1
5804 4742 1
5899 4742 1
6212 4742 2
6348 4742 1
6444 4742 1
6684 4742 1
6723 4742 1
7079 4742 2
7509 4742 1
7908 4742 1
8676 4742 1
9204 4742 1
9224 4742 1
9363 4742 3
9561 4742 1
9942 4742 1
10030 4742 1
10486 4742 1
726 4750 1
3503 4750 1
5720 4750 1
10509 4750 1
7548 4751 1
629 4757 1
773 4757 1
962 4757 1
1911 4757 1
2150 4757 1
4426 4757 1
5135 4757 1
7442 4757 1
9148 4757 1
9155 4757 1
10053 4757 1
10393 4757 1
712 4758 1
4600 4758 1
8058 4758 1
8134 4758 1
10889 4758 1
9036 4761 1
11118 4761 1
3353 4762 1
5061 4762 1
6354 4762 1
9014 4762 1
9155 4762 1
11038 4764 1
9391 4772 1
11009 4772 1
1552 4784 1
1966 4784 1
2213 4784 1
3073 4784 2
3270 4784 1
4742 4784 1
5194 4784 1
5325 4784 1
5996 4784 1
6212 4784 1
7356 4784 1
7730 4784 1
8140 4784 1
8555 4784 1
10539 4784 1
10806 4784 1
11014 4784 1
2460 4786 1
8458 4786 1
8659 4786 1
52 4787 1
609 4787 1
4165 4787 1
5565 4787 1
6580 4787 1
6884 4787 1
6974 4787 1
9688 4787 1
773 4791 1
2481 4791 1
8410 4791 1
9138 4791 1
5258 4794 1
3922 4796 1
1082 4798 1
1295 4798 1
2575 4798 1
2783 4798 1
3158 4798 1
3663 4798 1
3850 4798 1
4677 4798 1
5899 4798 1
6212 4798 1
6602 4798 1
8555 4798 1
10208 4798 1
10212 4798 1
10806 4798 1
490 4801 1
1315 4801 1
1782 4801 1
3566 4801 1
4053 4801 1
4645 4801 1
5597 4801 1
5794 4801 1
7549 4801 1
7642 4801 1
8263 4801 1
9168 4801 1
9287 4801 1
9358 4801 1
7203 4830 1
9885 4834 1
3317 4843 1
11152 4843 1
4471 4844 1
252 4847 1
515 4847 1
653 4847 1
2416 4847 1
3807 4847 1
5994 4847 1
9138 4847 1
10051 4847 1
10348 4847 1
1884 4848 1
2463 4861 1
6526 4861 1
5804 4862 1
6746 4862 1
7671 4862 1
4990 4866 1
5325 4866 1
5720 4866 1
6052 4866 1
7790 4866 1
7905 4866 1
8632 4866 1
8772 4866 1
8991 4866 1
9859 4866 1
318 4870 1
563 4870 1
846 4870 1
951 4870 1
5727 4870 1
7693 4870 1
9224 4870 1
709 4871 1
1110 4871 1
3304 4871 1
3371 4871 1
3848 4871 1
4071 4871 1
4584 4871 1
4652 4871 1
4995 4871 1
5586 4871 1
6212 4871 1
6444 4871 1
7159 4871 1
9363 4871 1
9561 4871 1
9971 4871 1
10319 4871 1
10360 4871 1
10596 4871 1
11362 4871 1
2292 4876 1
490 4878 1
1718 4878 1
2150 4878 1
2185 4878 1
7024 4878 1
7509 4878 1
8550 4878 1
8921 4878 1
11245 4878 1
2589 4880 1
4178 4880 1
5086 4880 1
6526 4880 1
7014 4880 1
8058 4880 1
453 4883 1
787 4883 1
1637 4883 1
1798 4883 1
2344 4883 1
2867 4883 1
3540 4883 1
4407 4883 1
4915 4883 1
5086 4883 1
5095 4883 1
5346 4883 1
6186 4883 1
8030 4883 1
8058 4883 1
8299 4883 1
8431 4883 1
8608 4883 1
8650 4883 1
9144 4883 1
9149 4883 1
9508 4883 1
9561 4883 1
9752 4883 1
10217 4883 1
10818 4883 1
10989 4883 1
11009 4883 1
1874 4884 1
8612 4884 1
9396 4884 1
712 4889 1
1174 4889 1
4178 4889 1
7347 4889 1
2493 4893 1
3317 4895 1
31 4897 1
572 4897 1
7787 4897 1
3381 4898 1
4033 4898 1
4922 4898 1
5170 4898 1
5727 4898 1
6099 4898 1
6266 4898 1
6354 4898 1
7346 4898 1
8447 4898 1
8467 4898 1
9251 4898 1
9387 4898 1
10325 4898 1
11293 4898 1
1849 4903 1
2035 4903 1
3597 4903 1
3977 4903 1
4198 4903 1
4711 4903 1
5712 4903 1
9681 4903 1
10254 4903 1
2898 4915 1
3785 4924 1
3891 4924 1
4206 4924 1
9212 4924 1
4176 4938 1
5887 4938 1
252 4942 1
1687 4942 1
2416 4942 1
4528 4942 1
4561 4942 1
4581 4942 1
4944 4942 1
5339 4942 1
5527 4942 1
5592 4942 1
5873 4942 1
6524 4942 1
8425 4942 1
1096 4943 1
2629 4943 1
3644 4943 1
6684 4943 1
7058 4943 1
7725 4943 1
10860 4943 1
10880 4943 1
3003 4960 1
4092 4960 1
10458 4960 1
3939 4962 1
6213 4962 1
6494 4962 1
7079 4962 1
8626 4962 1
9410 4962 1
5129 4964 1
11179 4964 1
6777 4965 1
8058 4965 1
11118 4971 1
387 4977 1
591 4977 1
787 4977 1
2867 4977 1
2897 4977 1
4407 4977 1
5086 4977 1
8299 4977 1
8516 4977 1
8590 4977 1
11138 4977 1
430 4982 1
1825 4982 1
3439 4982 1
4170 4982 1
5253 4982 1
7710 4982 1
8555 4982 1
860 4987 1
108 4990 1
563 4990 1
709 4990 1
846 4990 1
860 4990 1
1100 4990 1
2049 4990 1
2064 4990 1
4878 4990 1
5325 4990 1
6746 4990 1
7342 4990 1
7790 4990 1
7854 4990 1
8611 4990 1
9358 4990 1
9415 4990 1
9561 4990 1
214 4995 1
3983 4995 1
4995 4995 1
7092 4995 1
9085 4995 1
9679 4995 1
10763 4995 1
78 5008 1
222 5008 1
867 5008 1
1082 5008 1
1365 5008 1
3587 5008 1
6046 5008 1
7693 5008 1
7790 5008 1
7892 5008 1
8344 5008 1
9048 5008 1
9358 5008 1
9885 5008 1
10208 5008 1
10860 5008 1
2692 5017 1
7748 5017 1
787 5020 1
1043 5020 1
1190 5020 1
2798 5020 1
3317 5020 1
5164 5020 1
5681 5020 1
5947 5020 1
6546 5020 1
8608 5020 1
9087 5020 1
9204 5020 1
10972 5020 1
5022 5021 1
5565 5023 1
6817 5023 1
7491 5023 1
8447 5023 1
10094 5023 1
11058 5023 1
8900 5025 1
5026 5026 2
8657 5026 1
5097 5030 1
4176 5031 1
10578 5031 1
4385 5035 1
8727 5035 1
2783 5036 1
6212 5036 1
656 5043 1
252 5047 1
515 5047 1
1180 5047 1
2416 5047 1
7569 5047 1
8931 5047 1
9812 5047 1
10041 5047 1
10051 5047 1
11000 5047 1
11118 5051 1
821 5054 1
7127 5054 1
8278 5054 1
11364 5085 1
5223 5093 1
6824 5093 1
9032 5093 1
384 5110 1
2109 5110 1
5215 5110 1
5720 5110 1
5969 5110 1
6685 5110 1
6970 5110 1
7278 5110 1
7549 5110 1
7781 5110 1
9753 5110 1
10782 5110 1
1096 5112 1
1707 5112 1
2805 5112 1
3328 5112 1
3500 5112 1
4393 5112 1
4453 5112 1
5597 5112 1
5689 5112 1
6806 5112 1
7342 5112 1
7419 5112 1
7616 5112 1
10401 5112 1
252 5114 1
515 5114 1
2416 5114 1
4701 5114 1
6191 5114 1
9138 5114 1
9849 5114 1
10051 5114 1
2463 5128 1
5583 5128 1
6546 5128 1
7347 5128 1
9076 5129 1
535 5132 1
2580 5135 1
3471 5135 1
4175 5135 1
5115 5135 1
6186 5135 1
6191 5135 1
6343 5135 1
7064 5135 1
252 5140 1
515 5140 1
1623 5140 1
5768 5140 1
9738 5140 1
9833 5140 1
10051 5140 1
11009 5140 1
11356 5140 1
594 5142 1
6746 5142 1
7790 5142 1
10008 5142 1
2805 5143 1
1351 5147 1
7342 5147 1
6212 5155 1
10053 5155 1
10927 5155 1
10940 5155 1
1696 5159 1
5132 5159 1
214 5162 1
5899 5162 1
8820 5162 1
9000 5162 1
11019 5162 1
4175 5167 1
7551 5168 1
1072 5181 1
2265 5192 1
2693 5192 1
4857 5192 1
5253 5192 1
5641 5192 1
3697 5197 1
630 5205 1
6478 5205 1
7787 5205 1
8049 5205 1
8055 5205 1
8134 5205 1
9752 5205 1
7826 5211 1
9337 5215 1
5115 5220 1
3491 5228 2
6475 5228 2
1263 5236 1
200 5239 1
779 5239 1
8516 5239 1
9204 5239 1
9561 5239 1
271 5250 1
5148 5250 1
5256 5250 1
5346 5250 1
8063 5250 1
2804 5251 1
333 5256 1
2616 5256 1
4388 5256 1
5181 5256 1
5212 5256 1
5592 5256 1
6292 5256 1
7157 5256 1
8030 5256 1
8191 5256 1
8650 5256 1
4915 5258 1
6497 5258 1
8522 5258 1
9259 5258 1
10485 5258 1
2575 5259 1
2783 5259 1
3381 5259 1
4583 5259 1
6903 5259 1
7423 5259 1
7974 5259 1
8779 5259 1
2095 5267 2
2344 5267 2
3375 5267 2
3674 5267 2
5086 5267 2
5346 5267 2
6186 5267 2
6761 5267 2
8030 5267 2
9076 5267 2
11101 5267 2
1282 5271 1
3891 5272 1
579 5277 1
656 5277 1
128 5280 1
1747 5280 1
1996 5280 1
2125 5280 1
2867 5280 1
5592 5280 1
8289 5280 1
10924 5280 1
252 5286 1
1798 5286 1
2416 5286 1
3471 5286 1
3503 5286 1
7569 5286 1
9833 5286 1
10576 5286 1
11131 5286 1
1782 5295 1
2189 5295 1
5565 5295 1
10325 5295 1
10827 5295 1
10880 5295 1
7017 5300 1
339 5308 1
561 5308 1
8522 5308 1
8736 5308 1
8848 5308 1
9716 5308 1
9136 5321 1
9155 5321 1
2593 5323 1
4195 5323 1
4857 5323 1
7158 5323 1
8423 5323 1
8635 5323 1
11019 5323 1
5460 5324 1
5425 5325 1
6730 5325 1
10360 5325 1
3073 5342 1
6212 5342 1
6352 5344 1
8440 5346 1
1063 5353 1
8024 5356 1
4064 5374 1
8935 5374 1
6607 5377 1
8140 5377 1
7443 5378 1
3027 5382 1
2482 5386 1
2507 5386 1
2725 5386 1
5730 5386 1
5807 5386 1
6391 5386 1
7017 5386 1
8548 5386 1
9014 5386 1
9058 5386 1
9148 5386 2
11179 5386 1
7966 5393 1
9422 5393 1
5193 5394 1
9781 5394 1
3270 5398 1
4167 5398 1
4942 5398 1
5899 5398 1
9139 5398 1
182 5402 1
8659 5420 1
2882 5423 1
10217 5423 1
1573 5425 1
3073 5425 1
5804 5425 1
712 5435 1
1430 5435 1
1742 5435 1
2095 5435 1
2311 5435 1
2867 5435 1
3246 5435 1
3324 5435 1
3426 5435 1
3838 5435 1
4141 5435 1
4264 5435 1
4422 5435 1
4915 5435 1
5341 5435 1
5592 5435 1
5996 5435 1
6777 5435 1
7324 5435 1
8049 5435 1
8259 5435 1
8980 5435 1
9149 5435 1
10103 5435 1
10217 5435 1
11358 5435 1
424 5438 1
3037 5438 1
4175 5438 1
5115 5438 1
8772 5438 1
10053 5438 1
10450 5438 1
10924 5438 1
11305 5438 1
226 5439 1
3764 5449 1
306 5451 1
726 5451 1
1509 5451 1
2049 5451 1
2308 5451 1
2409 5451 1
2805 5451 1
4645 5451 1
5804 5451 1
6057 5451 1
7206 5451 1
7419 5451 1
7753 5451 1
8473 5451 1
9003 5451 1
9561 5451 1
10065 5451 1
10509 5451 1
951 5452 1
1880 5452 1
2308 5452 1
2692 5452 1
4951 5452 1
5601 5452 1
2416 5456 1
4347 5456 1
8425 5456 1
9148 5456 1
9849 5456 1
8397 5468 1
2311 5470 1
4165 5474 1
1082 5483 1
1714 5483 1
9824 5488 1
282 5489 1
970 5489 1
4175 5489 1
5815 5489 1
6807 5489 1
8125 5489 1
8423 5489 1
9762 5489 1
10091 5489 1
10164 5489 1
2380 5492 1
3970 5492 1
8626 5492 1
8788 5492 1
1718 5496 1
6212 5496 1
7024 5496 1
7519 5496 1
8587 5496 1
9561 5496 1
1280 5497 1
2352 5497 1
3317 5497 1
4841 5526 1
6038 5526 1
6558 5526 1
6798 5526 1
8199 5526 1
252 5538 1
4701 5542 1
7680 5546 1
200 5555 1
1798 5555 1
2127 5555 1
3038 5555 1
3041 5555 1
3212 5555 1
9893 5555 1
10976 5555 1
117 5560 1
3674 5560 1
5086 5560 2
5747 5560 1
5929 5560 1
6186 5560 1
7014 5560 1
7787 5560 1
8058 5560 1
8516 5560 1
8532 5560 1
8980 5560 1
9849 5560 1
10060 5560 1
10859 5560 1
11101 5560 2
7503 5562 1
2279 5564 1
280 5573 1
3835 5573 1
2774 5576 1
4754 5576 1
7965 5576 1
11035 5579 1
649 5581 1
1958 5581 1
5953 5581 1
2265 5583 1
2785 5583 1
4168 5583 1
6572 5583 1
8608 5583 1
9677 5583 1
9804 5583 1
9849 5583 1
10350 5583 1
10360 5583 1
7457 5588 1
8516 5588 1
10319 5590 1
4604 5592 1
8516 5592 1
8774 5592 1
3224 5599 1
6785 5599 1
6970 5599 1
1082 5601 1
1192 5601 1
2062 5601 1
2617 5601 1
3663 5601 1
7195 5601 1
7519 5601 1
9363 5601 1
11362 5601 1
5988 5603 1
8736 5603 1
2064 5610 1
2109 5612 1
8611 5612 1
773 5614 1
5115 5614 1
4071 5617 1
6695 5617 1
11026 5617 1
11161 5617 1
879 5619 1
1846 5626 1
2095 5626 1
4315 5626 1
5086 5626 1
8049 5626 1
5250 5627 1
7314 5627 1
8431 5627 1
252 5634 1
182 5637 1
1443 5637 1
4516 5637 1
9259 5637 1
9446 5637 1
4561 5671 1
1082 5676 1
951 5682 1
1718 5682 1
5749 5682 1
8050 5682 1
4176 5683 1
748 5687 1
2895 5687 1
3421 5687 1
9893 5687 1
10989 5687 1
201 5703 1
5500 5703 1
7014 5703 1
8759 5703 1
9052 5703 1
10576 5703 1
951 5706 1
1082 5706 1
1640 5706 1
4584 5706 1
4644 5706 1
5777 5706 1
7549 5708 1
7790 5708 1
951 5712 1
2763 5712 1
3061 5712 1
4165 5712 1
6776 5712 1
10094 5712 1
10325 5712 1
11370 5712 1
252 5715 1
379 5715 1
2416 5715 1
5903 5715 1
9330 5715 1
9824 5715 1
306 5720 1
1365 5720 1
1568 5720 1
2109 5720 1
3020 5720 1
3217 5720 1
3461 5720 1
3500 5720 1
3663 5720 1
3815 5720 1
4038 5720 1
5325 5720 1
5396 5720 1
5597 5720 1
6040 5720 1
6190 5720 1
6449 5720 1
7693 5720 1
7781 5720 1
7892 5720 1
8626 5720 1
8722 5720 1
8881 5720 1
9042 5720 1
10393 5724 1
128 5727 1
5597 5727 1
5794 5727 1
6588 5727 1
7519 5727 1
9064 5727 1
9594 5727 1
10860 5727 1
6186 5730 1
8199 5730 1
9032 5730 1
9323 5730 1
52 5731 1
281 5731 1
860 5731 1
951 5731 1
1365 5731 1
1479 5731 1
1563 5731 1
1779 5731 1
1850 5731 1
2109 5731 1
2649 5731 1
3022 5731 1
3034 5731 1
3158 5731 1
3182 5731 1
3270 5731 1
4032 5731 1
4841 5731 1
4930 5731 1
5582 5731 1
5690 5731 1
5883 5731 1
5899 5731 1
5922 5731 1
6213 5731 1
7423 5731 1
8626 5731 1
8991 5731 1
9014 5731 1
9406 5731 1
9423 5731 1
9944 5731 1
10094 5731 1
10201 5731 1
10401 5731 1
10806 5731 1
1365 5732 1
2035 5732 1
2649 5732 1
3272 5732 1
3381 5732 1
3440 5732 1
4033 5732 1
4053 5732 1
4225 5732 1
4711 5732 1
5727 5732 1
5858 5732 1
5946 5732 1
6266 5732 1
6471 5732 1
6747 5732 1
7995 5732 1
8611 5732 1
8874 5732 1
9224 5732 1
9387 5732 1
9481 5732 1
9944 5732 1
11255 5732 1
7347 5734 1
6923 5741 1
591 5752 1
712 5752 1
3711 5752 1
4445 5752 1
5254 5752 1
5258 5752 1
1694 5755 1
1700 5755 1
1911 5755 1
2182 5755 1
2279 5755 1
2590 5755 1
4325 5755 1
6065 5755 1
7503 5755 1
8410 5755 1
11035 5755 1
762 5757 1
951 5757 1
970 5757 1
1011 5757 1
1082 5757 1
1408 5757 1
1568 5757 1
1622 5757 3
1716 5757 1
1718 5757 1
1850 5757 1
2260 5757 1
2410 5757 1
2493 5757 1
2593 5757 1
2692 5757 1
2805 5757 1
3663 5757 1
4338 5757 1
4871 5757 1
4951 5757 1
5325 5757 1
5597 5757 1
5725 5757 1
6212 5757 1
6736 5757 1
7729 5757 1
8281 5757 1
8368 5757 1
8759 5757 1
9204 5757 1
10389 5757 1
10486 5757 1
11019 5757 1
6105 5761 1
6190 5761 1
119 5762 1
4168 5762 1
5858 5762 1
7017 5762 1
7293 5762 1
7827 5762 1
8608 5762 1
9561 5762 1
10009 5762 1
10989 5762 1
11179 5762 1
1677 5765 1
2352 5765 1
4600 5765 1
7910 5765 1
9833 5765 1
214 5766 1
515 5766 1
1180 5766 1
1747 5766 1
2416 5766 1
2674 5766 1
5300 5766 1
5807 5766 1
424 5768 1
462 5768 1
4729 5768 1
5115 5768 1
6924 5768 1
8734 5768 1
932 5782 1
1628 5782 1
3073 5782 1
3350 5782 1
4175 5782 1
4677 5782 1
5383 5782 1
5804 5782 1
6736 5782 1
7079 5782 1
8315 5782 1
8626 5782 1
8821 5782 1
8881 5782 1
11019 5782 1
11179 5782 1
10762 5788 1
252 5797 1
4168 5797 1
4415 5797 1
6526 5797 1
6849 5797 1
8240 5797 1
9774 5797 1
10239 5797 1
10655 5797 1
11009 5797 1
252 5806 1
515 5806 1
1677 5806 1
2416 5806 1
5164 5806 1
5500 5806 1
8635 5806 1
10051 5806 1
10613 5806 1
11026 5806 1
8294 5811 1
5250 5812 1
5640 5812 1
10539 5812 1
387 5813 1
7748 5815 1
9262 5815 1
9450 5815 1
9922 5815 1
10605 5815 1
572 5819 1
5469 5819 1
10989 5819 1
1174 5820 1
2344 5820 1
6186 5820 1
8058 5820 1
9076 5820 1
4024 5821 1
2308 5825 1
2783 5825 1
6036 5825 1
8050 5825 1
10486 5825 1
11014 5825 1
10536 5830 1
5813 5831 1
4942 5834 1
4951 5834 1
8127 5834 1
8473 5834 1
42 5837 1
936 5837 1
1628 5837 1
3735 5837 1
4920 5837 1
5804 5837 1
5874 5837 1
6212 5837 1
7096 5837 1
8955 5837 1
9406 5837 1
9711 5837 1
10046 5837 1
1834 5839 1
9992 5844 1
265 5845 1
6352 5845 1
8180 5845 1
8516 5845 1
2109 5854 1
2590 5854 1
3500 5854 1
4435 5854 1
7058 5854 1
7643 5854 1
7905 5854 1
9681 5854 1
10401 5854 1
10880 5854 1
951 5871 1
2964 5871 1
7166 5871 1
8457 5871 1
8550 5884 1
133 5888 1
222 5888 1
1288 5888 1
1537 5888 1
2692 5888 1
2805 5888 1
3461 5888 1
3970 5888 1
4308 5888 1
5250 5888 1
5325 5888 1
6213 5888 1
7206 5888 1
7642 5888 1
7710 5888 1
9943 5888 1
591 5889 1
3243 5889 1
8848 5889 1
10131 5889 1
252 5893 1
4064 5893 1
4944 5893 1
6272 5893 1
8425 5893 1
8549 5893 1
7514 5899 1
10079 5899 1
10882 5899 1
2660 5905 1
1808 5906 1
4379 5906 1
7356 5906 1
8368 5906 1
4448 5913 1
8991 5913 1
9275 5913 1
10094 5913 1
495 5915 1
3891 5915 1
4139 5915 1
5383 5924 1
5874 5924 1
1280 5929 1
4771 5929 1
5258 5929 1
5813 5929 1
7827 5929 2
8037 5929 1
6777 5932 1
9574 5932 1
10009 5932 1
1082 5940 1
2084 5940 1
2743 5940 1
6191 5940 1
2279 5943 1
3439 5943 1
4105 5943 1
2945 5948 1
4247 5948 1
4453 5948 1
6798 5948 1
7445 5948 1
7936 5948 1
10827 5948 1
4657 5949 1
5284 5953 1
5269 5961 1
2152 5987 1
3073 5987 1
5888 5987 1
6736 5987 1
476 5988 1
1180 5988 1
4359 5988 1
4528 5988 1
4857 5988 1
5807 5988 1
8424 5988 1
8659 5988 1
9330 5988 1
10360 5988 1
9011 5989 1
411 5996 1
1742 5996 1
1846 5996 1
3662 5996 1
4141 5996 1
8508 5996 1
10464 5996 1
1365 5999 1
2716 5999 1
6504 5999 1
9026 5999 1
1703 6008 1
5640 6009 1
3073 6011 1
6509 6011 1
9363 6011 1
10319 6011 1
10539 6011 1
252 6012 1
6391 6012 1
308 6017 1
6218 6017 1
9585 6017 1
653 6018 1
758 6018 1
1704 6018 1
3774 6018 1
5115 6018 1
5690 6018 1
7569 6018 1
7710 6018 1
10053 6018 1
2257 6035 1
2635 6035 1
4711 6035 1
5484 6035 1
6908 6035 1
8294 6035 1
10129 6035 1
10325 6035 1
10392 6035 1
1430 6038 1
2494 6038 1
3571 6038 1
3830 6038 1
3891 6038 1
4241 6038 1
4379 6038 1
5086 6038 1
5254 6038 2
6317 6038 1
6798 6038 1
9076 6038 1
10536 6038 1
4241 6048 1
1850 6052 1
7419 6052 1
10208 6052 1
252 6065 1
2279 6065 1
2854 6065 1
5115 6065 1
5303 6065 1
6309 6065 1
7159 6065 1
7442 6065 1
9148 6065 1
3414 6066 1
6582 6066 1
11128 6066 1
199 6079 1
781 6079 1
1889 6079 1
2131 6079 1
3171 6079 1
3370 6079 1
5375 6079 1
7234 6079 1
9452 6079 1
9556 6079 1
2322 6080 1
3370 6080 1
3870 6080 1
4160 6080 1
3370 6081 1
9004 6081 1
10176 6081 1
1443 6093 1
1684 6093 1
2494 6093 1
2533 6093 1
2536 6093 1
2953 6093 1
4241 6093 1
8508 6093 1
9845 6093 1
11364 6093 1
1097 6099 1
1568 6099 1
1990 6099 1
4163 6099 1
7058 6099 1
8917 6099 1
9387 6099 1
10566 6099 1
1846 6108 1
1874 6108 1
2542 6108 1
2660 6108 1
4092 6108 1
6777 6108 1
7017 6108 1
7347 6108 1
7443 6108 1
8058 6108 1
8636 6108 1
9460 6108 1
10653 6108 1
572 6112 1
1798 6112 1
2416 6112 1
10009 6112 1
4876 6113 1
8329 6113 1
490 6117 1
682 6117 1
867 6117 1
1011 6117 1
2460 6117 1
2522 6117 1
5562 6117 1
7246 6117 1
9010 6117 1
2219 6121 1
5303 6121 1
11305 6121 1
7205 6124 1
7633 6124 1
11000 6124 1
5815 6130 1
432 6133 1
2783 6133 1
5258 6133 1
5583 6133 1
5592 6133 1
7787 6133 1
9849 6133 1
10293 6133 1
10706 6133 1
609 6138 1
2013 6138 1
2073 6138 1
2629 6138 1
3647 6138 1
3723 6138 1
4787 6138 1
7506 6138 1
8873 6138 1
9563 6138 1
10401 6138 1
252 6140 1
1043 6140 1
4064 6140 1
7815 6140 1
8549 6140 1
10009 6140 1
225 6147 1
320 6147 1
3660 6147 1
4272 6147 1
6212 6147 1
8909 6147 1
9168 6147 1
9287 6147 1
7544 6162 1
7549 6162 1
3471 6172 1
4076 6172 1
5289 6172 1
7633 6172 1
7659 6172 1
11131 6172 1
311 6177 1
1011 6177 1
3970 6177 1
4166 6177 1
5325 6177 1
5597 6177 1
7133 6177 1
7710 6177 1
7966 6177 1
9034 6177 1
6388 6178 1
11254 6178 1
225 6180 1
726 6180 1
4443 6180 1
5325 6180 1
5935 6180 1
7319 6180 1
9356 6180 1
9358 6180 1
10486 6180 1
10509 6180 1
10827 6180 1
10860 6180 1
5254 6188 1
9446 6188 1
264 6191 1
335 6191 1
662 6191 1
1622 6191 1
1687 6191 1
1698 6191 1
2380 6191 2
3002 6191 1
4052 6191 1
4448 6191 1
4644 6191 1
4670 6191 1
4771 6191 1
4797 6191 1
4920 6191 1
4989 6191 1
5035 6191 1
5714 6191 1
5948 6191 1
5975 6191 1
6388 6191 1
6923 6191 2
7166 6191 1
7548 6191 1
7549 6191 1
7710 6191 1
7730 6191 1
8788 6191 1
8820 6191 1
9193 6191 1
9346 6191 1
9363 6191 1
9410 6191 1
10363 6191 1
10763 6191 1
11019 6191 1
11111 6191 1
515 6194 1
4302 6194 1
4383 6194 1
9076 6195 1
3547 6199 1
4841 6199 1
8425 6199 1
8659 6199 1
9148 6199 1
9804 6199 1
8292 6204 1
9287 6211 1
10185 6212 1
1011 6217 1
1628 6217 1
2410 6217 1
4938 6217 1
6212 6217 1
6354 6217 1
8266 6217 1
9148 6217 1
9410 6217 1
10208 6217 1
10589 6217 1
1430 6221 1
6275 6221 1
572 6222 1
3246 6222 1
3421 6222 1
4168 6222 1
5086 6222 1
5734 6222 1
7203 6222 1
8608 6222 1
8774 6222 1
10655 6222 1
10859 6222 1
5086 6223 1
9111 6223 1
3663 6225 1
5727 6228 1
7935 6228 1
8218 6228 1
8534 6228 1
572 6232 1
628 6232 1
5614 6232 1
10989 6232 1
5805 6258 1
7342 6262 1
609 6266 1
1707 6266 1
2041 6266 1
2461 6266 1
2649 6266 1
2805 6266 1
2964 6266 1
5727 6266 1
6817 6266 1
6841 6266 1
7342 6266 1
7725 6266 1
8597 6266 1
8611 6266 1
8668 6266 1
9287 6266 1
9958 6266 1
10392 6266 1
10486 6266 1
535 6275 1
2487 6275 1
2953 6275 1
8449 6275 1
9212 6275 1
10025 6275 1
389 6277 1
2176 6277 1
5804 6277 1
3084 6285 1
228 6293 1
1850 6293 1
2783 6293 1
3461 6293 1
6212 6293 1
7246 6293 1
7642 6293 1
7730 6293 1
8710 6293 1
9838 6293 1
9942 6293 1
10509 6293 1
252 6296 1
451 6296 1
890 6296 1
3041 6296 1
5469 6296 1
5690 6296 1
9148 6296 1
9871 6296 1
10940 6296 1
8329 6303 1
1082 6305 1
1628 6305 1
11019 6305 1
4167 6314 1
5225 6314 1
5953 6314 1
6501 6314 1
6526 6314 1
7708 6314 1
7894 6314 1
252 6317 1
476 6317 1
8005 6317 1
10348 6317 1
1567 6319 1
2389 6319 1
5086 6319 1
6798 6319 1
8058 6319 1
8259 6319 1
8283 6319 1
9849 6319 1
10484 6319 1
936 6320 1
1011 6320 1
1231 6320 1
1714 6320 1
3466 6320 1
5378 6320 1
9410 6320 1
3936 6325 2
4471 6325 2
5020 6325 2
6186 6325 2
6526 6325 2
6536 6325 2
9604 6325 2
10667 6325 2
2084 6330 1
8289 6330 1
11188 6330 1
339 6333 1
10904 6333 1
9645 6338 1
10538 6343 1
11054 6343 1
1365 6348 1
1707 6348 1
2140 6348 1
2301 6348 1
2590 6348 1
2649 6348 1
4053 6348 1
4225 6348 1
5143 6348 1
5160 6348 1
5234 6348 1
6236 6348 1
6619 6348 1
6908 6348 1
6996 6348 1
7814 6348 1
8951 6348 1
9387 6348 1
10247 6348 1
10627 6348 1
3375 6352 1
5086 6352 1
6186 6352 1
9383 6352 1
970 6354 1
2854 6354 1
4175 6354 1
5583 6354 1
5658 6354 1
6257 6354 1
7344 6354 1
8550 6354 1
8736 6354 1
9752 6354 1
10889 6354 1
7249 6355 1
10342 6355 1
11118 6355 1
2642 6358 1
11364 6358 1
1090 6359 1
5899 6359 1
10208 6359 1
653 6361 1
1100 6361 1
1718 6361 1
2945 6361 1
3461 6361 1
7445 6361 1
7519 6361 1
9561 6361 1
10509 6361 1
7548 6362 1
424 6383 1
2152 6390 1
2731 6390 1
7079 6390 1
10208 6390 1
252 6391 1
380 6391 1
787 6391 1
1055 6391 1
2416 6391 1
3282 6391 1
3540 6391 1
4064 6391 1
5592 6391 1
5734 6391 1
6199 6391 1
6681 6391 1
6883 6391 1
7151 6391 1
8180 6391 1
8736 6391 2
9812 6391 1
9824 6391 1
9969 6391 1
10654 6391 1
3064 6394 1
3383 6394 1
5346 6394 1
6186 6394 1
6526 6394 1
8058 6394 1
8134 6394 1
9257 6394 1
9400 6394 1
9850 6394 1
11101 6394 1
7710 6398 1
630 6406 1
1443 6406 1
2311 6406 1
3390 6406 1
5086 6406 1
5592 6406 1
7347 6406 1
8058 6406 1
8608 6406 1
2035 6408 1
2425 6408 1
5727 6408 1
6940 6408 1
10401 6408 1
225 6411 1
7473 6411 1
10497 6411 1
11019 6411 1
5181 6412 1
6066 6412 1
7591 6412 1
4701 6420 1
5353 6420 1
6186 6420 1
7115 6420 1
8049 6420 1
9148 6420 1
201 6428 1
252 6428 1
515 6428 1
653 6428 1
773 6428 1
1251 6428 1
1873 6428 1
4064 6428 1
4729 6428 1
4942 6428 1
5500 6428 1
5806 6428 1
6007 6428 1
6818 6428 1
7503 6428 1
9848 6428 1
10051 6428 2
1082 6434 1
1700 6434 1
2515 6434 1
3303 6434 1
3566 6434 1
3649 6434 1
4951 6434 1
5160 6434 1
5213 6434 1
5975 6434 1
6212 6434 1
7519 6434 1
8019 6434 1
8917 6434 1
617 6437 1
9712 6437 1
1430 6438 1
3246 6438 1
3383 6438 1
4287 6438 1
4315 6438 1
5258 6438 1
5346 6438 1
5747 6438 1
6370 6438 1
7014 6438 1
7443 6438 1
8058 6438 1
8127 6438 1
10458 6438 1
11356 6438 2
403 6444 1
8659 6444 1
7826 6445 1
9014 6445 1
572 6446 1
2494 6446 1
3041 6446 1
3824 6446 1
4471 6446 1
4482 6446 1
6143 6446 1
6526 6446 1
6619 6446 1
7827 6446 1
7857 6446 1
8608 6446 1
306 6449 1
2596 6449 1
3566 6449 1
4402 6449 1
4435 6449 1
5720 6449 1
7346 6449 1
10159 6449 1
10187 6449 1
10412 6449 1
10486 6449 1
10539 6449 1
10860 6449 1
1798 6453 1
4471 6453 1
6612 6453 1
11217 6458 1
8774 6465 1
515 6470 1
773 6470 1
993 6470 1
2416 6470 1
4195 6470 1
4883 6470 1
5115 6470 1
5267 6470 1
6186 6470 1
7536 6470 1
8878 6470 1
10051 6470 1
11188 6470 1
11305 6470 1
5253 6473 1
6639 6473 1
6777 6473 1
7347 6473 1
8516 6473 1
1866 6478 1
2127 6478 1
3003 6478 1
4407 6478 1
5435 6478 1
5858 6478 1
5996 6478 1
7783 6478 1
8127 6478 1
8516 6478 1
10103 6478 1
629 6492 1
1390 6492 1
3320 6492 1
5115 6492 1
7442 6492 1
7710 6492 1
10393 6492 1
621 6493 1
1180 6496 1
3970 6496 1
5047 6496 1
7702 6496 1
7748 6496 1
10393 6496 1
7810 6501 1
9032 6501 1
1698 6503 1
1794 6503 1
4426 6503 2
5115 6503 1
7947 6503 1
8637 6503 1
8678 6503 1
9138 6503 1
9400 6503 1
9450 6503 1
162 6505 1
476 6505 1
2783 6505 1
617 6514 1
1082 6514 1
1718 6514 1
4951 6514 1
6171 6514 1
7133 6514 1
9561 6514 1
10008 6514 1
10387 6514 1
1996 6518 1
2798 6518 1
2867 6518 1
3654 6518 1
4338 6518 1
4445 6518 1
5690 6518 1
6142 6518 1
6186 6518 1
6199 6518 1
6391 6518 1
9150 6518 1
9204 6518 1
9441 6518 1
10364 6518 2
10747 6518 1
2380 6519 1
5489 6519 1
5703 6519 1
5813 6519 1
6212 6519 1
6217 6519 1
7730 6519 1
8423 6519 1
8474 6519 1
8626 6519 1
4435 6523 1
339 6524 1
1895 6524 1
4339 6524 1
6619 6524 1
8511 6524 1
3784 6532 1
4141 6532 1
5592 6532 1
5734 6532 1
5813 6532 1
6186 6532 1
8608 6532 1
9463 6532 1
9849 6532 1
10164 6532 1
10293 6532 1
7601 6542 1
3380 6544 1
572 6546 1
6186 6546 1
6257 6546 1
10164 6546 1
617 6552 1
1718 6552 1
3356 6552 1
5484 6552 1
951 6553 1
2805 6553 1
4435 6553 1
5484 6553 1
6266 6553 1
7549 6553 1
7693 6553 1
7726 6553 1
7790 6553 1
9973 6553 1
10389 6553 1
3073 6559 1
2193 6572 1
2416 6572 1
8425 6572 1
8984 6572 1
587 6573 1
4583 6573 1
6798 6573 1
6212 6576 1
6923 6576 1
8788 6576 1
1568 6580 1
10147 6580 1
128 6581 1
5804 6581 1
6212 6581 1
4126 6588 1
10319 6588 1
8829 6593 1
4878 6605 1
7473 6605 1
9176 6605 1
563 6610 1
1365 6610 1
3020 6610 1
4053 6610 1
4402 6610 1
4951 6610 1
6754 6610 1
7007 6610 1
7342 6610 1
9162 6610 1
9287 6610 1
9415 6610 1
10389 6610 1
10880 6610 1
222 6611 1
736 6611 1
1622 6611 1
3933 6611 1
5325 6611 1
5975 6611 1
6212 6611 1
6903 6611 1
7133 6611 1
7356 6611 1
7548 6611 1
9116 6611 1
9424 6611 1
380 6612 1
2416 6612 1
2743 6612 1
5459 6612 1
6186 6612 1
6526 6612 1
6777 6612 1
7233 6612 1
8424 6612 1
8425 6612 1
8774 6612 1
9148 6612 1
951 6618 1
1967 6618 1
3113 6623 1
2692 6625 1
3500 6625 1
4435 6625 1
7790 6625 1
8611 6625 1
8991 6625 1
9053 6625 1
10860 6625 1
7833 6627 1
4993 6635 1
754 6637 1
3380 6642 1
6199 6642 1
9524 6656 1
10303 6656 1
5250 6659 1
141 6660 1
936 6660 1
1092 6660 1
1180 6660 1
2971 6660 1
3158 6660 1
3381 6660 1
3970 6660 1
4201 6660 1
4584 6660 1
4962 6660 1
6494 6660 1
7061 6660 1
7079 6660 1
7220 6660 1
7423 6660 1
8762 6660 1
9225 6660 1
9406 6660 1
9634 6660 1
10059 6660 1
10201 6660 1
1552 6675 1
3970 6675 1
4958 6675 1
5093 6675 1
5804 6675 1
7159 6675 1
8562 6675 1
9010 6675 1
9365 6675 1
9410 6675 1
9155 6680 1
236 6682 1
335 6682 1
1478 6682 1
4492 6682 1
11364 6682 1
998 6683 1
4198 6683 1
8459 6683 1
9475 6683 1
9795 6683 1
10147 6683 1
11213 6683 1
1097 6684 1
2463 6691 1
3224 6691 1
6186 6691 1
6883 6691 1
7014 6691 1
10009 6691 1
9000 6695 1
572 6700 1
8608 6700 1
8933 6700 1
9762 6700 1
10667 6700 1
5086 6720 1
430 6730 1
10447 6730 1
1507 6735 1
3957 6735 1
5975 6735 1
7548 6735 1
1718 6736 1
11074 6736 1
1394 6739 1
2353 6739 1
2463 6739 1
3320 6739 1
5386 6739 1
8608 6739 1
3328 6746 1
7419 6746 1
1707 6747 1
2405 6747 1
1718 6751 1
8344 6752 1
1821 6754 1
4787 6754 1
5720 6754 1
6684 6754 1
7813 6754 1
9944 6754 1
10811 6754 1
11058 6754 1
2363 6769 1
5254 6769 1
5325 6783 1
6363 6783 1
10284 6793 1
623 6798 1
909 6798 1
936 6798 1
1082 6798 1
1180 6798 1
1203 6798 1
1684 6798 1
1966 6798 1
3075 6798 1
4175 6798 1
4424 6798 1
4942 6798 1
5115 6798 1
5311 6798 1
5463 6798 1
5953 6798 1
6311 6798 1
6728 6798 1
6807 6798 1
7159 6798 1
7868 6798 1
8207 6798 1
8550 6798 1
8626 6798 1
8820 6798 1
8847 6798 1
9410 6798 1
1180 6799 1
3970 6799 1
4398 6799 1
6212 6799 1
6437 6799 1
7356 6799 1
7905 6799 1
8140 6799 1
9366 6799 1
11007 6799 1
11118 6799 1
2276 6801 1
11356 6801 1
1131 6811 1
2200 6811 1
4426 6811 1
1700 6824 1
2895 6824 1
3320 6824 1
5253 6824 1
5815 6824 1
6933 6824 1
7096 6824 1
2140 6832 1
2618 6832 1
3073 6832 1
4644 6832 1
5093 6832 1
6153 6832 1
8140 6832 1
9417 6832 1
10208 6832 1
10212 6832 1
754 6835 2
1190 6835 2
2593 6835 2
6532 6835 2
8080 6835 2
11188 6835 2
1082 6838 1
3022 6838 1
3522 6838 1
5804 6838 1
6534 6838 1
7047 6838 1
9029 6838 1
9726 6838 1
10208 6838 1
11118 6838 1
252 6843 2
515 6843 1
787 6843 1
1636 6843 1
1705 6843 1
2493 6843 1
4065 6843 1
4193 6843 1
4347 6843 1
4944 6843 1
6391 6843 1
7659 6843 1
7840 6843 1
8878 6843 1
9148 6843 1
9849 6843 1
10348 6843 1
10442 6843 1
10706 6843 1
11019 6843 1
11188 6843 1
252 6851 1
515 6851 1
3168 6851 1
8362 6851 1
9142 6851 1
10667 6851 1
4053 6853 1
5484 6853 1
5597 6853 1
6930 6853 1
8020 6853 1
9681 6853 1
1494 6859 1
5874 6870 1
1030 6877 1
6154 6877 1
6212 6877 1
6355 6877 1
6437 6877 1
7423 6877 1
9858 6877 1
10201 6877 1
11118 6877 1
6212 6879 1
10212 6879 1
228 6880 1
2805 6880 1
4584 6880 1
5975 6880 1
6212 6880 1
6355 6880 1
6736 6880 1
7765 6880 1
8779 6880 1
8909 6880 1
8931 6880 1
8991 6880 1
1798 6883 1
2095 6883 1
2383 6883 1
4883 6883 1
7772 6883 1
8240 6883 1
9561 6883 1
10009 6883 1
10989 6883 1
1707 6884 1
2649 6884 1
4787 6884 1
6718 6884 1
8294 6884 1
8611 6884 1
9387 6884 1
846 6893 1
1051 6893 1
710 6903 1
10842 6913 1
166 6924 1
252 6924 1
515 6924 1
2373 6924 1
6191 6924 1
8423 6924 1
3566 6926 1
5484 6926 1
2095 6934 1
4883 6934 1
5346 6934 1
8608 6934 1
10350 6934 1
489 6938 1
951 6938 1
1718 6938 1
3328 6938 1
4784 6938 1
5777 6938 1
6212 6938 1
7079 6938 1
10208 6938 1
1462 6963 1
3941 6963 1
9733 6963 1
951 6965 1
1808 6965 1
3651 6965 1
3815 6965 1
4644 6965 1
6212 6965 1
7133 6965 1
7791 6965 1
8931 6965 1
10208 6965 1
3490 6970 1
3852 6970 1
4053 6970 1
10782 6970 1
726 6971 1
52 6974 1
306 6974 1
654 6974 1
1100 6974 1
1365 6974 1
1537 6974 1
1850 6974 1
2211 6974 1
3101 6974 1
3190 6974 1
4711 6974 1
5586 6974 1
7732 6974 1
7781 6974 1
8294 6974 1
9328 6974 1
9594 6974 1
9980 6974 1
10401 6974 1
10493 6974 1
11073 6974 1
11272 6974 1
712 6980 1
1280 6980 1
1846 6980 1
2344 6980 1
3674 6980 1
5193 6980 1
6020 6980 1
7347 6980 1
8030 6980 1
8259 6980 1
11138 6980 1
6975 6984 1
1100 6990 1
1365 6990 1
2049 6990 1
2591 6990 1
3500 6990 1
3663 6990 1
5720 6990 1
6412 6990 1
7342 6990 1
7356 6990 1
7549 6990 1
7710 6990 1
7726 6990 1
7790 6990 1
7813 6990 1
9415 6990 1
10782 6990 1
1705 6992 1
4857 6992 1
2308 6998 1
5804 6998 1
6348 6998 1
6401 6998 1
7356 6998 1
10214 6998 1
10539 6998 1
306 7002 1
1082 7002 1
1097 7002 1
1573 7002 1
1677 7002 1
1718 7002 1
1850 7002 1
1954 7002 1
3004 7002 1
3020 7002 1
3258 7002 1
3461 7002 1
3660 7002 1
3863 7002 1
4167 7002 1
4272 7002 1
4694 7002 1
4797 7002 1
4951 7002 2
5720 7002 1
6348 7002 2
6437 7002 1
7019 7002 1
7058 7002 1
7319 7002 1
7633 7002 1
8370 7002 1
8534 7002 1
9011 7002 1
9150 7002 1
9168 7002 1
9287 7002 1
9391 7002 1
10860 7002 1
11019 7002 1
11026 7002 1
368 7003 1
1295 7003 1
2580 7003 1
4920 7003 1
6065 7003 1
9474 7003 1
4453 7006 1
4879 7006 1
8281 7006 1
8611 7006 1
9585 7006 1
10860 7006 1
951 7007 1
2945 7007 1
3020 7007 1
5565 7007 1
7972 7007 1
9733 7007 1
11058 7007 1
431 7011 1
339 7014 1
630 7014 1
4103 7014 1
5253 7014 1
5256 7014 1
5813 7014 1
7397 7014 1
7787 7014 1
8134 7014 1
9500 7014 1
10484 7014 1
1628 7018 1
1714 7018 1
2478 7018 1
2731 7018 1
2854 7018 1
3109 7018 1
3371 7018 1
3558 7018 1
4644 7018 1
4871 7018 1
8555 7018 1
8820 7018 1
9014 7018 1
9363 7018 1
9527 7018 1
10806 7018 1
11014 7018 1
4241 7028 1
5132 7028 1
6876 7028 1
8508 7028 1
10592 7028 1
11364 7028 1
1380 7033 1
1874 7033 1
5115 7033 1
8423 7033 1
128 7039 1
1082 7039 1
6354 7039 1
8388 7039 1
8474 7039 1
8604 7039 1
9213 7039 1
9948 7039 1
10393 7039 1
8292 7040 1
2380 7043 1
2916 7043 1
3320 7043 1
3859 7043 1
9561 7043 1
7206 7045 1
3064 7046 1
4703 7046 1
6466 7046 1
6186 7047 1
8736 7047 1
2536 7054 1
6526 7054 1
9728 7054 1
1838 7057 1
1097 7058 1
3056 7058 1
7473 7058 1
8545 7058 1
9204 7058 1
252 7061 1
379 7061 1
515 7061 1
1190 7061 1
1747 7061 1
2416 7061 1
2593 7061 1
3270 7061 1
4343 7061 1
5325 7061 1
5641 7061 1
5730 7061 1
6367 7061 1
7676 7061 1
7688 7061 1
9010 7061 1
11019 7061 1
4343 7067 1
515 7073 2
1677 7073 1
1798 7073 1
4544 7073 1
5035 7073 1
5500 7073 1
8375 7073 1
9391 7073 1
10051 7073 1
1365 7074 1
5017 7074 1
8611 7074 1
10094 7074 1
6292 7075 1
7783 7075 1
10587 7075 1
2783 7078 1
31 7082 1
5229 7082 1
9204 7082 1
10009 7082 1
162 7084 1
8878 7084 1
517 7093 1
1047 7093 1
1408 7093 1
4053 7093 1
4453 7093 1
4694 7093 1
5727 7093 1
6588 7093 1
7007 7093 1
7549 7093 1
9795 7093 1
10326 7093 1
2400 7103 1
2416 7103 1
8549 7103 1
10085 7104 1
2124 7116 1
2580 7116 1
3381 7116 1
3711 7116 1
5115 7116 1
6719 7116 1
7423 7116 1
9148 7116 1
9824 7116 1
11019 7116 1
2131 7128 1
6066 7128 1
6090 7128 1
6143 7128 1
7785 7128 1
9004 7128 1
9143 7128 1
947 7130 1
3891 7130 1
7492 7130 1
985 7133 1
2873 7133 1
4385 7133 1
5598 7133 1
7079 7133 1
7123 7133 1
8292 7133 1
3602 7137 1
4165 7137 1
4448 7137 1
5471 7137 1
5597 7137 1
5727 7137 1
6449 7137 1
7933 7137 1
8991 7137 1
10275 7137 1
10509 7137 1
2908 7138 1
3370 7138 1
3891 7138 1
4638 7138 1
5449 7138 1
6582 7138 1
6699 7138 1
7691 7138 1
8177 7138 1
9900 7138 1
10628 7138 1
2629 7141 1
2939 7141 1
3073 7141 1
3270 7141 1
4435 7141 1
4586 7141 1
7346 7141 1
7356 7141 1
9391 7141 1
11118 7141 1
5035 7159 1
7710 7159 1
8005 7159 1
10201 7159 1
10924 7159 1
6066 7162 1
3571 7164 1
6333 7164 1
10921 7164 1
182 7170 1
1684 7170 1
5435 7170 1
7079 7172 1
8050 7172 1
10319 7172 1
411 7173 1
1934 7173 1
8516 7173 1
2590 7176 1
517 7183 1
7506 7183 1
7790 7183 1
7834 7183 1
8294 7183 1
8174 7184 1
1570 7201 1
1705 7201 1
2626 7201 1
5353 7201 1
2642 7202 1
6478 7203 1
7347 7203 1
7868 7203 1
9052 7205 1
3547 7206 1
21 7210 1
178 7210 1
1903 7210 1
2855 7210 1
4638 7210 1
5372 7210 1
5582 7210 1
8999 7210 1
1798 7214 1
515 7216 1
699 7216 1
1180 7216 1
1251 7216 1
1802 7216 1
2416 7216 1
3807 7216 1
5786 7216 1
7206 7216 1
8424 7216 1
10085 7216 1
11188 7216 1
3320 7233 1
7492 7233 1
9961 7233 1
712 7238 1
3261 7238 1
5435 7238 1
7203 7238 1
8820 7238 1
11101 7238 1
5258 7244 1
6323 7244 1
1622 7246 1
1718 7246 1
1808 7246 1
3073 7246 1
4657 7246 1
5909 7246 1
7791 7246 1
9010 7246 1
10513 7246 1
252 7261 1
1082 7261 1
2096 7261 1
6212 7261 1
7922 7261 1
9014 7261 1
10346 7261 1
5665 7276 1
2728 7291 1
3901 7291 1
5483 7291 1
6212 7291 1
8626 7291 1
9366 7291 1
10212 7291 1
11007 7291 1
2725 7293 1
4471 7293 1
1266 7301 1
107 7307 1
516 7307 1
1097 7307 1
2559 7307 1
3941 7307 1
4033 7307 1
4448 7307 1
5569 7307 1
5727 7307 1
6588 7307 1
6777 7307 1
8873 7307 1
9391 7307 1
9688 7307 1
9788 7307 1
9901 7307 1
9977 7307 1
10032 7307 1
10074 7307 1
10401 7307 1
10486 7307 1
11255 7307 1
11293 7307 1
2463 7309 1
6133 7309 1
6199 7309 1
6532 7309 1
42 7310 1
3270 7310 1
5446 7310 1
10706 7314 1
306 7315 1
951 7315 1
1082 7315 1
1808 7315 1
2188 7315 1
2260 7315 1
2308 7315 1
2409 7315 1
3422 7315 1
3815 7315 1
3941 7315 1
4645 7315 1
5597 7315 1
6212 7315 1
7473 7315 1
7790 7315 1
7892 7315 1
8368 7315 1
9149 7315 1
9415 7315 1
9484 7315 1
10008 7315 1
10576 7315 1
11019 7315 1
4970 7339 1
3088 7347 1
6406 7347 1
3713 7348 1
1224 7351 1
5853 7351 1
8991 7351 1
252 7355 1
2084 7355 1
4064 7355 1
490 7356 1
617 7356 1
1782 7356 1
1850 7356 1
3353 7356 1
5160 7356 1
6190 7356 1
6213 7356 1
9100 7356 1
9176 7356 1
4424 7370 1
1011 7375 1
9000 7375 1
9064 7375 1
10486 7375 1
1351 7383 1
9938 7404 1
6470 7405 1
10079 7405 1
1082 7415 1
2481 7415 1
1735 7423 1
3452 7423 1
3547 7423 1
4325 7423 1
7634 7423 1
9155 7423 1
9561 7423 1
2519 7426 1
3158 7426 1
4583 7426 1
5035 7426 1
6212 7426 1
6824 7426 1
7710 7426 1
7730 7426 1
9014 7426 1
10486 7426 1
10539 7426 1
5813 7428 2
6777 7428 2
7206 7428 2
7783 7428 2
10483 7428 2
820 7432 1
6040 7432 1
8626 7432 1
2073 7434 1
3461 7434 1
4261 7434 1
4435 7434 1
7346 7434 1
10346 7434 1
4412 7440 1
9396 7442 1
252 7446 1
2745 7446 1
7233 7446 1
8440 7446 1
10245 7446 1
5135 7449 1
252 7457 1
2463 7457 1
4343 7457 1
6272 7457 1
8852 7457 1
9204 7457 1
11079 7457 1
11344 7457 1
6066 7478 1
8862 7478 1
10360 7492 1
1946 7504 1
5253 7504 1
8626 7504 1
7206 7510 1
9812 7510 1
3027 7519 1
4308 7519 1
4942 7519 1
5325 7519 1
5804 7519 1
7434 7519 1
3409 7531 1
3663 7531 1
4990 7531 1
5720 7531 1
6684 7531 1
7790 7531 1
8344 7531 1
9973 7531 1
1435 7532 1
2095 7532 1
8608 7532 1
9058 7532 1
9599 7532 1
1584 7533 1
1798 7533 1
4241 7533 1
5592 7533 1
5873 7533 1
7017 7533 1
8220 7533 1
8516 7533 1
9076 7533 1
10360 7533 1
572 7535 1
9204 7535 1
846 7544 1
2623 7544 1
3500 7544 1
4424 7544 1
4435 7544 1
5832 7544 1
6963 7544 1
6970 7544 1
166 7548 1
2478 7548 1
2692 7548 1
3546 7548 1
3815 7548 1
5813 7548 1
5975 7548 1
6017 7548 1
6190 7548 1
6191 7548 1
7256 7548 1
7356 7548 1
7633 7548 1
7710 7548 1
7992 7548 1
8344 7548 1
10517 7548 1
252 7552 1
773 7552 1
10363 7552 1
10762 7552 1
9776 7559 1
320 7560 1
617 7560 1
1082 7560 1
2895 7560 1
3117 7560 1
6191 7560 1
6660 7560 1
8473 7560 1
3471 7564 1
5192 7564 1
252 7569 1
1834 7569 1
2692 7569 1
4841 7569 1
9138 7569 1
10053 7569 1
10484 7569 1
11188 7569 1
6699 7573 1
1568 7607 1
2171 7607 1
2805 7607 1
4261 7607 1
4435 7607 1
5720 7607 1
6685 7607 1
7790 7607 1
8759 7607 1
9242 7607 1
9688 7607 1
10782 7607 1
1519 7621 1
3041 7633 1
4857 7633 1
8465 7633 1
8878 7633 1
10063 7633 1
10360 7633 1
3073 7639 1
5812 7639 1
9064 7639 1
10212 7639 1
11179 7639 1
3774 7640 1
1109 7641 1
6213 7641 1
2308 7642 1
2945 7642 1
4645 7642 1
5682 7642 1
6191 7642 1
7141 7642 1
10787 7642 1
2783 7643 1
7781 7643 1
2416 7645 1
2783 7645 1
6526 7645 1
9465 7645 1
9969 7645 1
10636 7645 1
1299 7646 1
6154 7646 1
11014 7646 1
333 7658 1
3004 7658 1
6190 7658 1
2288 7661 1
10187 7666 1
451 7670 1
483 7670 1
2593 7670 1
6526 7670 1
8608 7670 1
9148 7670 1
9849 7670 1
8292 7671 1
998 7673 1
1874 7673 1
10417 7673 1
252 7678 1
6612 7678 1
9893 7678 1
2536 7680 1
5604 7680 1
7708 7680 1
333 7684 1
1714 7684 1
2638 7684 1
2688 7684 1
5115 7684 1
9827 7684 1
2440 7686 1
6191 7686 1
252 7688 2
2743 7688 2
4064 7688 2
4347 7688 2
6272 7688 2
6391 7688 2
8425 7688 2
8774 7688 2
9148 7688 2
9849 7688 2
9871 7688 2
9917 7688 2
10976 7688 2
7549 7689 1
7790 7689 1
5120 7707 1
5341 7707 1
1266 7708 1
2967 7708 1
4002 7708 1
6066 7708 1
6526 7708 1
6699 7708 1
7707 7708 2
8220 7708 1
2692 7710 1
6190 7710 1
6191 7710 1
11035 7710 1
11305 7710 1
839 7711 1
1623 7711 1
2692 7711 1
5786 7711 1
276 7714 1
2024 7714 1
2095 7714 1
2590 7714 1
5346 7714 1
5588 7714 1
5592 7714 1
5734 7714 1
6526 7714 1
6777 7714 1
7486 7714 1
7827 7714 1
8517 7714 1
8608 7714 1
9058 7714 1
9561 7714 1
10103 7714 1
10160 7714 1
11108 7714 1
1592 7715 1
4677 7715 1
5325 7715 1
1232 7722 1
4426 7722 1
4942 7722 1
6065 7722 1
6695 7722 1
8084 7723 1
6684 7726 1
9573 7726 1
9688 7726 1
515 7729 1
2416 7729 1
6191 7729 1
7206 7729 1
8848 7729 1
8878 7729 1
9014 7729 1
9849 7729 1
10051 7729 1
8579 7732 1
2308 7746 1
3270 7746 1
3466 7746 1
6190 7746 1
6212 7746 1
4024 7765 1
5909 7765 1
6359 7765 1
6681 7765 1
9139 7765 1
11362 7765 1
5256 7772 1
6750 7772 1
7827 7772 1
2490 7787 1
5527 7787 2
10048 7787 1
278 7795 1
1636 7795 1
2416 7795 1
5250 7795 1
7347 7795 1
8425 7795 1
8659 7795 1
9148 7795 1
10976 7795 1
7868 7806 1
515 7807 1
4625 7807 1
5641 7807 1
5861 7807 1
11188 7807 1
3320 7810 1
10924 7810 1
5325 7814 1
8140 7814 1
2953 7816 1
5674 7816 1
7443 7816 1
11364 7816 1
431 7818 1
2660 7818 1
5132 7818 1
6858 7818 1
8024 7818 1
9815 7818 1
9845 7818 1
11364 7818 1
1443 7830 1
11364 7830 1
2693 7845 1
2463 7846 1
8431 7846 1
2248 7857 1
6143 7857 1
9677 7857 1
9561 7864 1
1629 7868 1
1707 7868 1
5143 7868 1
5884 7868 1
5946 7868 1
6747 7868 1
7732 7868 1
7995 7868 1
8457 7868 1
9153 7868 1
9944 7868 1
10147 7868 1
10460 7868 1
10486 7868 1
609 7883 1
909 7883 1
1707 7883 1
5732 7883 1
5740 7883 1
5884 7883 1
5946 7883 1
6266 7883 1
6683 7883 1
6737 7883 1
6974 7883 1
7732 7883 1
7868 7883 1
7995 7883 1
8550 7883 1
11019 7883 1
11293 7883 1
10360 7889 1
951 7891 1
1037 7891 1
1622 7891 1
1714 7891 1
3371 7891 1
4871 7891 1
5325 7891 1
6036 7891 1
6212 7891 1
7159 7891 1
8292 7891 1
8410 7891 1
8555 7891 1
9561 7891 1
10539 7891 1
10806 7891 1
148 7892 1
1718 7892 1
4834 7892 1
5689 7892 1
6212 7892 1
7473 7892 1
7138 7895 1
21 7896 1
480 7896 1
781 7896 1
1266 7896 1
2208 7896 1
2418 7896 1
2487 7896 1
2494 7896 1
3491 7896 1
3662 7896 1
3875 7896 1
4324 7896 1
6066 7896 1
6699 7896 1
7138 7896 1
8449 7896 1
8918 7896 1
9452 7896 1
9929 7896 1
10061 7896 1
10557 7896 1
10628 7896 1
2416 7897 1
3168 7897 1
5469 7897 1
8362 7897 1
773 7900 1
572 7908 1
1521 7908 1
1798 7908 1
2416 7908 1
2783 7908 1
4857 7908 1
5500 7908 1
8424 7908 1
9824 7908 1
9849 7908 1
10360 7908 1
10364 7908 1
601 7918 1
762 7918 1
5762 7918 1
513 7919 1
4139 7919 1
6066 7919 1
6526 7919 1
1266 7920 1
1511 7920 1
1708 7920 1
6526 7920 1
9212 7920 1
11143 7920 1
2380 7922 1
3408 7922 1
7966 7922 1
10346 7922 1
4010 7925 1
6546 7925 1
9774 7925 1
2243 7931 1
5500 7931 1
8475 7931 1
2301 7933 1
7963 7933 1
2591 7935 1
3395 7935 1
3500 7935 1
3655 7935 1
3815 7935 1
3863 7935 1
4490 7935 1
7790 7935 1
8632 7935 1
8991 7935 1
9036 7935 1
9242 7935 1
9363 7935 1
10371 7935 1
11334 7935 1
990 7964 1
6046 7964 1
137 7973 1
5325 7973 1
6057 7973 1
6147 7973 1
9585 7973 1
10065 7973 1
2493 7989 1
8550 7989 1
10589 7989 1
133 7990 1
2596 7990 1
3933 7990 1
4053 7990 1
4443 7990 1
5597 7990 1
6363 7990 1
8772 7990 1
6213 7992 1
10486 7992 1
252 8002 1
1497 8002 1
2463 8002 1
5401 8002 1
6186 8002 1
6276 8002 1
6526 8002 1
7017 8002 1
8608 8002 1
3500 8003 1
4453 8003 1
7607 8003 1
2728 8005 1
5035 8005 1
8860 8005 1
1684 8024 1
4092 8024 1
6684 8029 1
7710 8029 1
5212 8037 1
5500 8041 1
621 8046 1
965 8046 1
1747 8046 1
1798 8046 1
2590 8046 1
3022 8046 1
3471 8046 1
4175 8046 1
8396 8046 1
8762 8046 1
9372 8046 1
9396 8046 1
10169 8046 1
827 8049 1
933 8049 1
1133 8049 1
2660 8049 1
5095 8049 1
5435 8049 1
10142 8049 1
599 8050 1
1718 8050 1
6923 8050 1
2457 8051 1
2593 8051 1
8005 8051 1
9728 8051 1
9103 8053 1
387 8055 1
2095 8055 1
6333 8055 1
9446 8055 1
11101 8055 1
4889 8058 1
3791 8059 1
5806 8059 1
10762 8059 1
4455 8071 1
9805 8071 1
873 8080 1
348 8082 1
909 8082 1
4711 8082 1
6463 8082 1
9318 8082 1
9980 8082 1
10712 8082 1
8425 8085 1
8736 8085 1
9148 8085 1
252 8086 1
4740 8086 1
5339 8086 1
368 8089 1
1082 8089 1
2084 8089 1
4785 8089 1
7148 8089 1
8005 8089 1
10079 8089 1
8294 8092 1
10575 8092 1
5215 8093 1
8848 8093 1
1684 8094 1
2494 8094 1
5258 8094 1
6292 8094 1
9431 8094 1
10000 8094 1
11364 8094 1
2095 8109 1
3566 8109 1
4133 8109 1
4155 8109 1
4951 8109 1
6212 8109 1
6926 8109 1
7356 8109 1
7445 8109 1
7642 8109 1
8756 8109 1
9010 8109 1
1559 8110 1
3782 8112 1
11066 8125 1
178 8127 1
9283 8127 1
1073 8130 1
2668 8130 1
5086 8130 1
5254 8130 1
9150 8130 1
10904 8130 1
9076 8134 1
9446 8134 1
1082 8150 1
2945 8150 1
6683 8150 1
8294 8150 1
8680 8150 1
9318 8150 1
10364 8155 1
6818 8157 1
6974 8157 1
10795 8157 1
368 8160 1
526 8160 1
595 8160 1
629 8160 1
771 8160 1
1011 8160 1
1082 8160 1
2040 8160 1
2380 8160 1
4325 8160 1
4727 8160 1
5115 8160 1
5922 8160 1
6325 8160 1
6695 8160 1
6719 8160 1
6728 8160 1
7159 8160 1
7389 8160 1
8005 8160 1
10924 8160 1
78 8163 1
8397 8163 1
431 8174 1
8829 8174 1
1100 8179 1
7905 8179 1
1386 8180 1
2366 8180 1
3403 8180 1
5250 8180 1
6526 8180 1
7203 8180 1
9561 8180 1
9850 8180 1
1242 8191 1
2672 8191 1
5115 8191 1
5500 8191 1
7710 8191 1
8289 8191 1
10151 8191 1
10364 8191 1
712 8211 1
975 8211 1
2895 8211 1
3891 8211 1
5487 8211 1
11364 8211 1
2248 8212 2
2536 8212 2
3051 8212 2
5346 8212 2
7115 8212 2
7872 8214 1
306 8218 1
2057 8218 1
3500 8218 1
7549 8218 2
8294 8218 1
8491 8218 1
8611 8218 1
9064 8218 1
9594 8218 1
9681 8218 1
10860 8218 1
11019 8218 1
4073 8221 1
9465 8221 1
11358 8221 1
252 8222 1
4528 8222 1
5339 8222 1
6272 8222 1
7151 8222 1
8425 8222 1
9148 8222 1
6526 8225 1
8240 8225 1
8608 8225 1
10989 8225 1
384 8236 1
3500 8236 1
3863 8236 1
5720 8236 1
6685 8236 1
7790 8236 1
8611 8236 1
9053 8236 1
9099 8236 1
9242 8236 1
9561 8236 1
9902 8236 1
276 8240 1
1798 8240 1
2416 8240 1
5734 8240 1
6526 8240 1
7017 8240 1
9148 8240 1
9204 8240 1
10976 8240 1
11179 8240 1
11295 8240 1
951 8243 1
4022 8243 1
9275 8243 1
10187 8243 1
5250 8250 1
6777 8250 1
306 8263 1
1573 8263 1
4645 8263 1
4725 8263 1
4878 8263 1
7049 8263 1
7916 8263 1
490 8269 1
1119 8269 1
2123 8269 1
2876 8269 1
3663 8269 1
4443 8269 1
7642 8269 1
7730 8269 1
11019 8269 1
4201 8273 1
5804 8273 1
9561 8273 1
10763 8273 1
2590 8278 1
6213 8278 1
7423 8278 1
10539 8278 1
52 8280 1
3182 8280 1
3582 8280 1
5727 8280 1
5883 8280 1
9391 8280 1
10357 8280 1
11058 8280 1
630 8283 1
3922 8283 1
4251 8283 2
5573 8283 1
5592 8283 1
6370 8283 1
7526 8284 1
4165 8294 1
8079 8294 1
8722 8294 1
2133 8295 1
2783 8295 1
4319 8295 1
4406 8295 1
5115 8295 1
6354 8295 1
7966 8295 1
8626 8295 1
9139 8295 1
932 8313 1
2575 8313 1
5115 8313 1
5489 8313 1
7321 8313 1
7710 8313 1
8626 8313 1
8821 8313 1
9064 8313 1
9150 8313 1
9410 8313 1
10763 8313 1
11014 8313 1
2728 8314 1
4065 8314 1
4076 8314 1
4222 8314 1
7389 8314 1
7989 8314 1
10787 8314 1
951 8315 1
3649 8315 1
3815 8315 1
4742 8315 1
5325 8315 1
9010 8315 1
6437 8317 1
10319 8317 1
1533 8319 1
2692 8319 1
3461 8319 1
4448 8319 1
4530 8319 1
5597 8319 1
6818 8319 1
8280 8319 1
9224 8319 1
9363 8319 1
4938 8323 1
6963 8323 1
8691 8323 1
8781 8323 1
8917 8323 1
617 8324 1
951 8324 1
2460 8324 1
3073 8324 1
5572 8324 1
5804 8324 1
8656 8324 1
8951 8324 1
10263 8324 1
2642 8329 1
10142 8329 1
10883 8329 2
4665 8330 1
1533 8338 1
1714 8338 1
3008 8338 1
4990 8338 1
7549 8338 2
5341 8339 1
6066 8339 1
2785 8340 1
5026 8340 1
9728 8340 1
3439 8344 1
3970 8344 1
7710 8344 1
1568 8347 1
2466 8347 1
2550 8347 1
2805 8347 1
3500 8347 1
4435 8347 1
5325 8347 1
5720 8347 1
5804 8347 1
6348 8347 1
6818 8347 1
7346 8347 1
7445 8347 1
7549 8347 1
7790 8347 1
9594 8347 1
11058 8347 1
4160 8349 1
5179 8349 1
9149 8349 1
10628 8349 1
6391 8356 1
2279 8358 1
2380 8358 1
6432 8358 1
10294 8358 1
392 8359 1
490 8359 1
839 8359 1
4053 8359 1
4155 8359 1
4435 8359 1
4443 8359 1
5325 8359 1
6212 8359 1
7548 8359 1
7642 8359 1
7730 8359 1
9011 8359 1
9561 8359 1
10343 8359 1
1843 8362 1
4841 8362 1
6044 8362 1
6612 8362 1
7233 8362 1
8174 8362 1
9014 8362 1
9330 8362 1
141 8375 1
368 8375 1
424 8375 1
1677 8375 1
2416 8375 1
5253 8375 1
8847 8375 1
9833 8375 1
2692 8379 1
3774 8379 1
1714 8388 1
9139 8388 1
1681 8389 1
1798 8389 1
4528 8389 1
4558 8389 1
5021 8389 1
5641 8389 1
7633 8389 1
10051 8389 2
630 8394 1
7014 8394 1
7347 8394 1
9337 8394 1
11101 8394 1
3380 8396 1
6798 8401 1
8848 8401 1
10217 8401 1
8626 8404 1
2300 8405 1
2898 8405 1
5258 8405 1
6038 8405 1
1082 8409 1
4906 8409 1
5303 8409 1
6354 8409 1
8931 8409 1
10393 8409 1
2095 8410 1
2660 8410 1
3503 8410 1
5734 8410 1
6777 8410 1
7827 8410 1
5727 8415 1
6817 8415 1
6818 8415 1
6923 8415 1
7007 8415 1
7693 8415 1
9594 8415 1
9681 8415 1
4343 8421 1
6544 8426 1
8426 8426 1
936 8429 1
2916 8429 1
8626 8429 1
10539 8429 1
3317 8430 1
4332 8430 1
5435 8430 1
6526 8430 1
7203 8430 1
11101 8430 1
1011 8431 1
1097 8431 1
1351 8431 1
1365 8431 1
1533 8431 1
1782 8431 1
1821 8431 1
3644 8431 1
4453 8431 1
4694 8431 1
4951 8431 1
5727 8431 1
6186 8431 1
6449 8431 1
7286 8431 1
7342 8431 1
7607 8431 1
8611 8431 1
9585 8431 1
9648 8431 1
10094 8431 1
10460 8431 1
10896 8431 1
11026 8431 1
1047 8447 1
1355 8447 1
1707 8447 1
1782 8447 1
3020 8447 1
3500 8447 1
4435 8447 1
5729 8447 1
6374 8447 1
7007 8447 1
7286 8447 1
7342 8447 1
7790 8447 1
9671 8447 1
10254 8447 1
10860 8447 1
666 8461 1
6602 8461 1
8278 8461 1
2308 8466 1
2575 8466 1
2692 8466 1
3109 8466 1
3547 8466 1
3711 8466 1
4942 8466 1
8271 8466 1
9014 8466 1
3566 8473 1
4175 8474 1
6190 8474 2
6695 8474 1
7710 8474 1
7799 8474 1
8762 8474 1
9148 8474 1
9998 8474 1
10539 8474 1
7708 8478 1
1011 8484 1
5641 8485 1
7206 8485 1
8207 8490 1
8516 8490 1
1082 8491 1
2049 8491 1
4490 8491 1
8632 8491 1
10140 8491 1
8492 8492 1
222 8494 1
6970 8494 1
8632 8494 1
10346 8494 1
476 8496 1
1677 8496 1
6568 8496 1
8759 8496 1
10051 8496 1
11259 8496 1
1684 8498 1
8186 8498 1
1079 8499 1
1714 8499 1
2308 8499 1
3522 8499 1
4443 8499 1
4871 8499 1
6437 8499 1
7710 8499 1
7905 8499 1
8292 8499 1
8881 8499 1
9029 8499 1
9634 8499 1
10208 8499 1
10806 8499 1
252 8501 1
276 8501 1
1636 8501 1
9330 8501 1
9849 8501 1
11009 8501 1
5253 8504 1
5746 8504 1
6186 8504 1
7115 8504 1
8590 8504 1
9549 8504 1
4175 8509 1
515 8515 1
3774 8515 1
7233 8515 1
7822 8515 1
11038 8515 1
1770 8516 1
2600 8516 1
2783 8516 1
2785 8516 1
3088 8516 1
3662 8516 1
3856 8516 1
4141 8516 1
5105 8516 1
5435 8516 1
5592 8516 1
6186 8516 1
6285 8516 1
6385 8516 1
6957 8516 1
7178 8516 1
8340 8516 1
8549 8516 1
9083 8516 1
9431 8516 1
10226 8516 1
10706 8516 1
6546 8517 1
9561 8517 1
2804 8522 1
4241 8522 1
5086 8522 1
5256 8522 1
5592 8522 1
6143 8522 1
6186 8522 1
8030 8522 1
8058 8522 1
8516 8522 1
9076 8522 1
11101 8522 1
5999 8523 1
6817 8523 1
10274 8523 1
2463 8524 1
6352 8524 1
526 8527 1
9410 8527 1
278 8539 1
3320 8539 1
9148 8539 1
9747 8539 1
10009 8539 1
2494 8540 1
6798 8540 1
8024 8540 1
2095 8543 1
3540 8543 1
4883 8543 1
5097 8543 1
5250 8543 1
5592 8543 1
6186 8543 1
6777 8543 1
7127 8543 1
8590 8543 1
9849 8543 1
9507 8546 1
166 8548 1
424 8548 1
476 8548 2
1677 8548 1
6875 8548 1
8652 8548 1
9259 8548 1
9400 8548 1
9625 8548 1
9812 8548 1
10787 8548 1
2867 8549 1
4937 8549 1
2380 8555 1
3970 8555 1
4920 8555 1
5035 8555 1
5115 8555 1
6212 8555 1
10393 8555 1
2898 8560 1
4960 8560 1
5132 8560 1
5258 8560 1
10458 8560 1
826 8563 1
2072 8563 1
3324 8563 1
4287 8563 1
5181 8563 1
7014 8563 1
8049 8563 1
8058 8563 1
10480 8563 1
8608 8574 1
9020 8574 1
11009 8574 1
222 8576 1
846 8576 1
1850 8576 1
2049 8576 1
3490 8576 1
4448 8576 1
4718 8576 1
5484 8576 1
6212 8576 1
10509 8576 1
11195 8576 1
11357 8581 1
2513 8582 1
5115 8582 1
7710 8582 1
477 8584 1
1441 8584 1
6684 8584 1
10643 8584 1
3531 8588 1
6526 8588 1
117 8590 1
252 8590 1
268 8590 1
380 8590 1
577 8590 1
3584 8590 1
5652 8590 1
6220 8590 1
6391 8590 1
6526 8590 1
6883 8590 1
7014 8590 1
7833 8590 1
8087 8590 1
8404 8590 1
8425 8590 1
8590 8590 1
9549 8590 1
9781 8590 1
10009 8590 1
10160 8590 1
11343 8590 1
8473 8593 1
1095 8602 1
2522 8602 1
2590 8602 1
4871 8602 1
5114 8602 1
6212 8602 1
6309 8602 1
6325 8602 1
8921 8602 1
9561 8602 1
10458 8607 1
2593 8608 1
5086 8608 1
5250 8608 1
5592 8608 1
5652 8608 1
6777 8608 1
7727 8608 1
8049 8608 1
8299 8608 1
9346 8608 1
431 8619 1
712 8623 1
2344 8623 1
6639 8623 1
8259 8623 1
1714 8626 1
2380 8626 1
5115 8626 1
10763 8626 1
5909 8640 1
6444 8651 1
10673 8651 1
252 8659 1
1043 8659 1
3093 8659 1
5346 8659 1
6546 8659 1
9204 8659 1
10009 8659 1
10706 8659 1
8774 8660 1
8878 8660 1
1082 8661 1
1700 8661 1
2200 8661 1
5348 8661 1
5899 8661 1
6437 8661 1
6736 8661 1
7710 8661 1
1874 8665 1
6016 8665 1
7840 8665 1
1568 8668 1
1577 8668 1
1850 8668 1
2692 8668 1
3500 8668 1
4745 8668 1
5727 8668 1
6974 8668 1
9410 8668 1
10325 8668 1
10392 8668 1
624 8669 1
7509 8669 1
231 8675 1
5888 8675 1
515 8678 1
884 8678 1
890 8678 1
932 8678 1
1043 8678 1
1705 8678 1
2186 8678 1
3762 8678 1
4051 8678 1
4168 8678 1
4604 8678 1
5300 8678 1
5562 8678 1
6191 8678 1
6518 8678 1
6544 8678 1
6728 8678 1
7857 8678 1
8212 8678 1
8549 8678 1
9148 8678 1
9465 8678 1
10706 8678 1
10959 8678 1
11152 8678 1
11154 8678 1
11306 8678 1
1097 8684 1
7693 8684 1
3258 8688 1
3270 8688 1
5017 8688 1
5208 8688 1
2716 8690 1
6504 8690 1
7503 8690 1
4407 8699 1
5086 8699 1
6478 8699 1
8517 8699 1
2064 8705 1
3863 8705 1
5325 8705 1
5832 8705 1
7790 8705 1
8263 8705 1
8991 8705 1
10165 8705 1
6526 8711 1
8608 8711 1
9020 8711 1
9588 8711 1
10989 8711 1
2463 8717 1
444 8719 1
1443 8719 1
3243 8719 1
4297 8722 1
5794 8722 1
515 8725 1
3471 8725 1
5690 8725 1
5805 8725 1
9848 8725 1
10051 8725 1
726 8728 1
1714 8728 1
2073 8728 1
2466 8728 1
3490 8728 1
4435 8728 1
4920 8728 1
5115 8728 1
5199 8728 1
5500 8728 1
6348 8728 1
6963 8728 1
7640 8728 1
9053 8728 1
10486 8728 1
10827 8728 1
561 8732 1
1430 8732 1
1443 8732 1
1684 8732 1
2664 8732 1
3744 8732 1
8207 8732 1
8848 8732 1
9102 8732 1
9259 8732 1
9776 8732 1
6186 8736 1
6681 8736 1
4482 8740 1
411 8742 1
535 8742 1
1245 8742 1
2095 8742 1
2487 8742 1
2536 8742 1
3379 8742 1
4141 8742 1
5086 8742 1
5097 8742 1
5435 8742 1
5582 8742 1
6629 8742 1
7871 8742 1
8049 8742 1
8451 8742 1
8516 8742 1
8820 8742 1
9150 8742 1
10788 8742 1
6777 8743 1
5097 8744 1
6526 8744 1
7347 8744 1
7443 8744 1
1082 8748 1
2380 8748 1
8410 8748 1
9400 8748 1
4535 8749 1
4649 8749 1
7894 8749 1
10478 8749 1
11364 8749 1
182 8751 1
3243 8751 2
7162 8751 1
3657 8754 1
9762 8759 1
515 8763 1
1190 8763 1
6456 8774 1
2858 8776 1
11213 8776 1
2783 8778 1
5658 8778 1
7274 8778 1
1351 8781 1
2629 8781 1
3061 8781 1
4174 8781 1
5325 8781 1
5484 8781 1
5746 8781 1
6818 8781 1
8991 8781 1
9681 8781 1
10486 8781 1
10860 8781 1
3381 8788 1
3604 8788 1
4127 8788 1
8511 8788 1
1174 8791 1
1322 8791 1
1400 8791 1
1427 8791 1
4051 8791 1
5500 8791 1
6634 8791 1
7680 8791 1
9845 8791 1
10381 8791 1
11364 8791 1
5573 8794 1
5115 8799 1
8740 8799 1
10486 8799 1
9396 8807 1
1346 8808 1
2416 8808 1
2806 8808 1
3547 8808 1
4347 8808 1
5339 8808 1
5579 8808 1
6526 8808 1
6536 8808 1
8220 8808 1
8425 8808 1
10976 8808 1
4841 8811 1
5807 8811 1
7684 8811 1
7783 8811 1
8635 8811 1
617 8813 1
3566 8813 1
3970 8813 1
7085 8813 1
11116 8813 1
676 8820 1
1714 8820 1
3223 8820 1
3439 8820 1
4327 8820 1
4797 8820 1
5592 8820 1
7165 8820 1
8626 8820 1
11165 8820 1
1346 8821 1
1714 8821 1
4871 8821 1
5483 8821 2
6065 8821 1
6153 8821 1
6217 8821 1
6736 8821 1
9561 8821 1
9753 8821 1
10360 8821 1
515 8822 1
2416 8822 1
2457 8822 1
5408 8822 1
2152 8824 1
2308 8824 1
3109 8824 1
3304 8824 1
3848 8824 1
5164 8824 1
6171 8824 1
7356 8824 1
8931 8824 1
9561 8824 1
10165 8824 1
893 8835 1
2416 8835 1
4055 8835 1
4226 8835 1
4841 8835 1
4887 8835 1
6526 8835 1
6619 8835 1
10976 8835 1
4604 8840 1
6761 8840 1
387 8841 1
4883 8841 1
5583 8841 1
6186 8841 1
8475 8841 1
572 8842 1
8608 8842 1
10989 8842 1
11179 8842 1
5500 8847 1
5197 8851 1
2860 8860 1
4278 8860 1
5115 8860 1
7966 8860 1
9410 8860 1
10138 8860 1
5673 8863 1
10478 8865 1
616 8871 1
951 8873 1
1011 8873 1
3500 8873 1
4942 8873 1
5164 8873 1
5244 8873 1
6588 8873 1
9280 8873 1
10147 8873 1
11058 8873 1
3370 8875 1
10969 8875 1
1232 8886 1
4332 8886 1
5953 8886 1
7816 8886 1
11364 8886 1
1043 8893 1
4141 8893 1
4327 8893 1
4915 8893 1
8608 8893 1
11358 8893 1
2265 8895 1
7735 8895 1
8608 8895 1
8877 8895 1
9148 8895 1
5857 8907 1
7396 8907 1
867 8914 1
1082 8914 1
2805 8914 1
3490 8914 1
4038 8914 1
4053 8914 1
7372 8914 1
9358 8914 1
10486 8914 1
860 8917 1
951 8917 1
998 8917 1
1093 8917 1
1351 8917 1
1365 8917 1
1422 8917 1
1707 8917 1
3647 8917 1
4448 8917 1
4704 8917 1
7933 8917 1
9794 8917 1
10275 8917 1
10460 8917 1
11247 8917 1
9634 8921 1
214 8931 1
10672 8935 1
5 8936 1
476 8936 1
515 8936 1
4347 8936 1
5469 8936 1
6612 8936 1
7233 8936 1
9014 8936 1
879 8947 1
2617 8948 1
2916 8948 1
2308 8949 1
3422 8949 1
3566 8949 1
4951 8949 1
252 8951 1
379 8951 1
476 8951 1
2416 8951 1
5874 8952 1
2451 8955 1
787 8961 1
1190 8961 1
1705 8961 1
7108 8961 1
9833 8961 1
6510 8981 1
5996 8983 1
9363 8983 1
320 8984 1
431 8987 1
712 8987 1
2785 8987 1
5254 8987 1
5258 8987 1
6317 8987 1
6858 8987 1
9259 8987 1
1747 8988 1
2593 8988 1
4701 8988 1
7633 8988 1
11019 8988 1
6697 8999 1
7347 9005 1
8405 9005 1
4725 9013 1
7549 9013 1
10198 9013 1
42 9014 1
726 9014 1
932 9014 1
1082 9014 1
3270 9014 1
3387 9014 1
4962 9014 1
6897 9014 1
6971 9014 1
7498 9014 1
9406 9014 1
9410 9014 1
10046 9014 1
10539 9014 1
3003 9022 1
2308 9029 1
3073 9029 1
3304 9029 1
5874 9029 1
7356 9029 1
8292 9029 1
4302 9038 1
5435 9038 1
6323 9038 1
6798 9038 1
8024 9038 1
11138 9038 1
379 9052 1
476 9052 1
1950 9052 1
3022 9052 1
3359 9052 1
3381 9052 1
4302 9052 1
4795 9052 1
4857 9052 1
5353 9052 1
5500 9052 1
8878 9052 1
10300 9052 1
900 9053 1
4653 9053 1
5727 9053 1
6744 9053 1
6923 9053 1
1874 9055 1
4593 9055 1
8378 9055 1
9507 9055 1
4586 9062 1
8555 9062 1
932 9063 1
1621 9063 1
3970 9063 1
4443 9063 1
4586 9063 1
4727 9063 1
7159 9063 1
9346 9063 1
9410 9063 1
9561 9063 1
10212 9063 1
10346 9063 1
133 9064 1
252 9064 1
1568 9064 1
1628 9064 1
2176 9064 1
2539 9064 1
3852 9064 1
3933 9064 1
4325 9064 1
4645 9064 1
5597 9064 1
5777 9064 1
5874 9064 1
6212 9064 2
7079 9064 1
8473 9064 1
9014 9064 1
9036 9064 1
4448 9079 1
1704 9086 1
4182 9086 1
4729 9086 1
5115 9086 1
6988 9097 1
617 9099 1
5115 9099 1
6397 9099 1
10486 9099 1
339 9102 1
6546 9102 1
9677 9102 1
9802 9102 1
10142 9102 1
215 9105 1
2461 9105 1
3500 9105 1
4053 9105 1
4424 9105 1
4448 9105 1
5913 9105 1
6310 9105 1
6963 9105 1
7286 9105 1
7725 9105 1
8611 9105 1
9760 9105 1
10401 9105 1
10829 9105 1
712 9111 1
932 9111 1
1245 9111 1
2898 9111 1
4883 9111 1
5069 9111 1
11009 9111 1
7233 9119 1
7710 9119 1
10235 9119 1
5573 9137 1
7700 9138 1
2590 9142 1
6029 9142 1
9204 9142 1
10009 9142 1
7 9148 1
278 9148 1
827 9148 1
1082 9148 1
1166 9148 1
1497 9148 1
1637 9148 1
1838 9148 1
2095 9148 2
2131 9148 1
2344 9148 1
2440 9148 1
2895 9148 1
2898 9148 1
3022 9148 1
4175 9148 1
4325 9148 1
4327 9148 1
4443 9148 1
4528 9148 1
4883 9148 1
5086 9148 1
5098 9148 1
5115 9148 1
5250 9148 1
5256 9148 1
5346 9148 1
5583 9148 1
5588 9148 1
5592 9148 2
5813 9148 1
6038 9148 1
6406 9148 1
6624 9148 1
6777 9148 1
7347 9148 1
8299 9148 1
8582 9148 1
8608 9148 2
8806 9148 1
9155 9148 1
9346 9148 1
9396 9148 1
10053 9148 1
11035 9148 1
2855 9149 1
10901 9149 1
1365 9152 1
4053 9152 1
6746 9152 1
7342 9152 1
7935 9152 1
9973 9152 1
214 9155 1
2279 9155 1
4528 9155 1
5717 9155 1
563 9162 1
846 9162 1
1100 9162 1
3094 9162 1
3461 9162 1
3500 9162 1
4435 9162 1
5720 9162 1
5804 9162 1
5860 9162 1
6363 9162 1
7790 9162 1
9181 9162 1
9973 9162 1
10198 9162 1
10389 9162 1
10782 9162 1
252 9167 1
4175 9169 1
7049 9176 1
515 9180 1
1180 9180 1
1838 9180 1
6512 9180 1
7206 9180 1
7253 9180 1
8005 9180 1
9848 9180 1
951 9185 1
8284 9187 1
9149 9187 1
9728 9187 1
10061 9187 1
5747 9199 1
932 9204 1
3010 9204 1
3158 9204 1
5061 9204 1
5115 9204 1
6106 9204 1
7159 9204 1
7514 9204 1
8513 9204 1
9014 9204 1
9119 9204 1
9406 9204 1
11026 9204 1
8516 9205 1
10859 9205 1
171 9211 1
306 9211 1
1365 9211 1
1782 9211 1
1821 9211 1
2461 9211 1
2805 9211 1
3490 9211 1
4453 9211 1
4995 9211 1
7007 9211 1
7342 9211 1
7693 9211 1
7905 9211 1
8397 9211 1
8611 9211 2
8668 9211 1
9681 9211 1
9795 9211 1
11058 9211 1
4176 9213 1
10393 9215 1
3774 9218 1
8289 9218 1
2133 9222 1
3500 9224 1
4653 9224 1
5302 9224 1
6549 9224 1
7024 9224 1
7872 9224 1
8850 9224 1
9287 9224 1
9733 9224 1
4951 9226 1
5093 9227 1
6359 9227 1
6444 9227 1
7079 9227 1
11007 9227 1
274 9231 1
515 9231 1
4476 9231 1
846 9232 1
2056 9232 1
2805 9232 1
5479 9240 1
9424 9240 1
10250 9240 1
787 9245 1
5996 9257 1
9752 9257 1
9150 9259 1
1714 9275 1
2409 9275 1
4448 9275 1
7007 9275 1
7058 9275 1
7445 9275 1
7519 9275 1
7710 9275 1
7933 9275 1
9585 9275 1
9594 9275 1
10116 9278 1
1082 9280 1
1180 9280 1
3955 9280 1
4325 9280 1
9148 9280 1
2908 9283 1
3105 9283 1
4160 9283 1
4414 9283 1
5783 9283 1
10628 9283 1
2770 9293 1
2830 9293 1
4823 9293 1
7942 9293 1
1825 9294 1
10046 9294 1
6942 9314 1
8058 9314 1
252 9315 1
483 9315 1
515 9315 1
653 9315 1
1747 9315 1
2464 9315 1
2892 9315 1
3022 9315 1
7492 9315 1
7702 9315 1
8878 9315 1
9138 9315 1
9849 9315 1
10051 9315 1
11019 9315 1
11026 9315 1
617 9318 1
379 9325 1
2192 9325 1
8362 9325 1
3342 9326 1
4424 9326 1
4723 9326 1
5567 9326 1
200 9334 1
4471 9335 1
245 9336 1
2617 9336 1
2802 9336 1
4336 9336 1
4583 9336 1
5061 9336 1
6212 9336 1
8555 9336 1
9139 9336 1
10164 9336 1
4178 9337 1
4494 9337 1
5435 9337 1
5813 9337 1
11101 9337 1
128 9346 1
2692 9346 1
5743 9346 1
8474 9346 1
9014 9346 1
10486 9346 1
268 9354 1
10051 9354 1
10541 9354 1
490 9363 1
1737 9363 1
2762 9363 1
5253 9363 1
5325 9363 1
7765 9363 1
9689 9363 1
2133 9366 1
2140 9366 1
3073 9366 1
3466 9366 1
3970 9366 1
4443 9366 1
6190 9366 1
6212 9366 1
6354 9366 1
7159 9366 1
8030 9366 1
8084 9366 1
8423 9366 1
8626 9366 3
8818 9366 1
8820 9366 1
9410 9366 1
9940 9366 1
9971 9366 1
10212 9366 1
10346 9366 1
10393 9366 1
10486 9366 1
11014 9366 1
11019 9366 1
11077 9366 1
2642 9383 1
281 9390 1
879 9390 1
1082 9390 1
3545 9390 1
5625 9390 1
8305 9390 1
4175 9391 1
252 9396 1
4454 9396 1
5807 9396 1
1533 9399 1
5448 9399 1
5804 9399 1
6348 9399 1
1082 9400 1
3010 9400 1
9608 9400 1
2478 9415 1
4453 9415 1
4919 9415 1
7519 9415 1
7624 9415 1
7740 9415 1
9023 9415 1
9520 9415 1
10896 9415 1
5258 9425 1
9815 9425 1
9886 9425 1
7548 9427 1
867 9438 1
9427 9438 1
1430 9440 1
5635 9440 1
5953 9440 1
6143 9440 1
2182 9450 1
6923 9450 1
7710 9450 1
7799 9450 1
9976 9450 1
10053 9450 1
11111 9450 1
5181 9452 1
7707 9452 1
9212 9452 1
182 9454 1
2589 9454 1
2642 9454 1
8326 9454 1
8848 9454 1
10149 9454 1
5500 9458 1
2060 9460 2
2344 9463 1
4154 9463 1
4672 9463 1
5346 9463 1
8608 9463 1
9076 9463 1
9204 9463 1
9991 9463 1
10483 9463 1
252 9474 1
380 9474 1
476 9474 1
1243 9474 1
1777 9474 1
2380 9474 1
2416 9474 1
4195 9474 1
4528 9474 1
5339 9474 1
5353 9474 1
5641 9474 1
6186 9474 1
6526 9474 1
6619 9474 1
6695 9474 1
7840 9474 1
8424 9474 1
10053 9474 1
10343 9474 1
10976 9474 1
5500 9477 1
7633 9477 1
8759 9477 1
1082 9480 1
2953 9490 1
4103 9490 1
4332 9490 1
4599 9490 1
6526 9500 2
8560 9500 2
8851 9500 2
476 9517 1
9689 9517 1
629 9520 1
1388 9520 1
9088 9521 1
893 9522 1
5582 9522 1
6619 9522 1
7047 9522 1
9561 9522 1
11295 9522 1
11358 9522 1
5479 9523 1
7018 9523 1
4376 9531 1
5346 9531 1
6762 9531 1
252 9534 1
699 9534 1
2318 9534 1
2446 9534 1
3380 9534 1
4857 9534 1
5300 9534 1
6186 9534 1
6526 9534 1
6544 9534 1
7115 9534 1
7233 9534 1
8404 9534 1
9014 9534 1
9148 9534 1
9204 9534 1
9849 9534 1
2945 9536 1
6363 9536 1
9943 9536 1
10486 9536 1
5720 9537 1
7790 9537 1
5325 9542 1
5874 9542 1
6040 9542 1
6971 9542 1
818 9547 1
1714 9547 1
3271 9547 1
5597 9547 1
7007 9547 1
7930 9547 1
11104 9547 1
1770 9549 1
3246 9549 1
4733 9549 1
6186 9549 1
8058 9549 1
8259 9549 1
8736 9549 1
9849 9549 1
10859 9549 1
2642 9554 1
3003 9555 1
3503 9555 1
4841 9555 1
2785 9561 1
8037 9561 1
8058 9561 1
4727 9580 1
5093 9580 1
7243 9580 1
7423 9580 1
9000 9580 1
9029 9580 1
9360 9580 1
9410 9580 1
10539 9580 1
10578 9580 1
4727 9588 1
572 9597 1
7724 9607 1
1911 9610 1
2688 9610 1
3002 9610 1
3422 9610 1
3466 9610 1
4176 9610 1
4426 9610 1
5991 9610 1
9204 9610 1
9561 9610 1
9753 9610 1
3270 9611 1
2095 9627 1
5583 9627 1
6186 9627 1
6546 9627 1
7264 9627 1
9076 9627 1
9774 9627 1
10706 9627 1
5250 9643 1
6957 9643 1
252 9649 1
515 9649 1
1180 9649 1
1977 9649 1
3590 9649 1
4528 9649 1
4651 9649 1
4771 9649 1
5353 9649 1
5988 9649 1
6199 9649 1
7206 9649 1
7659 9649 1
7840 9649 1
8080 9649 1
8266 9649 1
8878 9649 1
9014 9649 1
10051 9649 1
11019 9649 1
2522 9650 1
3848 9650 1
4057 9650 1
5382 9650 1
5909 9650 1
7905 9650 1
9363 9650 1
10698 9650 1
252 9653 1
2416 9653 1
2482 9653 1
4740 9653 1
6612 9653 1
9465 9653 1
451 9654 1
515 9654 1
699 9654 1
2055 9654 1
3774 9654 1
3787 9654 1
5115 9654 1
5945 9654 1
6923 9654 1
9824 9654 1
11305 9654 1
8058 9661 1
9076 9661 1
10915 9661 1
1307 9678 1
1430 9678 1
3370 9678 1
3475 9678 1
3662 9678 1
4002 9678 1
5582 9678 1
5953 9678 1
7708 9678 1
8829 9678 1
9259 9678 1
10274 9681 1
10860 9681 1
656 9686 1
7707 9686 1
387 9689 1
1073 9689 1
1291 9689 1
4883 9689 1
4889 9689 1
7772 9689 1
7857 9689 1
8326 9689 1
8608 9689 1
10226 9689 1
10360 9689 1
10484 9689 1
11344 9689 1
712 9690 2
1174 9690 1
2589 9690 1
4167 9690 1
5097 9690 1
5652 9690 1
6009 9690 1
6798 9690 1
7252 9690 1
9076 9690 1
2211 9701 1
2301 9701 1
4711 9701 1
5234 9701 1
5274 9701 1
5489 9701 1
7905 9701 1
8873 9701 1
9099 9701 1
9958 9701 1
10392 9701 1
306 9706 1
10539 9707 1
572 9711 1
1050 9711 1
2308 9711 1
4168 9711 1
9029 9711 1
9522 9711 1
10009 9711 1
10239 9711 1
225 9712 1
1082 9712 1
1413 9712 1
3663 9712 1
4901 9712 1
4920 9712 1
6190 9712 1
7346 9712 1
8820 9712 1
9363 9712 1
9634 9712 1
4053 9722 1
7342 9722 1
7790 9722 1
9204 9722 1
10275 9722 1
1478 9728 1
1645 9728 1
1809 9728 1
2300 9728 1
2795 9728 1
2953 9728 1
3370 9728 1
3782 9728 1
8449 9728 1
10369 9728 1
1082 9731 1
4584 9731 1
6832 9731 1
7814 9731 1
11014 9731 1
4261 9733 1
4308 9733 1
2690 9740 1
405 9746 1
867 9746 1
1573 9746 1
2805 9746 1
2867 9746 1
3380 9746 1
4417 9746 1
4623 9746 1
6437 9746 1
7372 9746 1
7445 9746 1
8174 9746 1
8263 9746 1
8362 9746 1
9358 9746 1
9561 9746 1
866 9750 1
951 9750 1
2522 9750 1
2539 9750 1
3022 9750 1
7710 9750 1
7799 9750 1
8818 9750 1
932 9753 1
2692 9753 1
3466 9753 1
3891 9753 1
4480 9753 1
5489 9753 1
5899 9753 1
7423 9753 1
7983 9753 1
11215 9753 1
6066 9756 1
1731 9761 1
447 9762 1
252 9765 2
288 9765 1
1623 9765 1
1747 9765 1
2593 9765 1
4010 9765 1
4064 9765 1
4471 9765 1
4586 9765 1
5401 9765 1
5734 9765 1
5882 9765 1
6119 9765 1
6186 9765 1
6563 9765 1
9148 9765 1
9204 9765 1
9337 9765 1
10360 9765 1
10539 9765 1
1082 9770 1
9480 9770 1
419 9774 1
1125 9774 1
1521 9774 1
1703 9774 1
2095 9774 1
2593 9774 1
3325 9774 1
3856 9774 1
4327 9774 1
5253 9774 1
5346 9774 1
5996 9774 1
6186 9774 1
6777 9774 1
7014 9774 1
7115 9774 1
7486 9774 1
7827 9774 1
8049 9774 1
8283 9774 1
8516 9774 1
8517 9774 2
9549 9774 1
10378 9774 1
10889 9774 1
11101 9774 1
78 9778 1
7719 9787 1
7730 9787 1
9561 9787 1
8991 9793 1
6065 9800 1
3933 9801 1
7206 9801 1
411 9804 1
712 9805 1
1016 9805 1
5181 9805 1
5583 9805 1
6186 9805 1
8058 9805 1
8516 9805 1
10606 9805 1
252 9812 2
451 9812 1
515 9812 2
890 9812 1
2416 9812 2
2679 9812 1
4528 9812 1
4701 9812 1
5988 9812 1
6835 9812 1
8424 9812 1
8878 9812 1
10407 9812 1
11026 9812 1
3566 9813 1
9224 9813 1
712 9815 1
3662 9815 1
5086 9815 1
1850 9816 1
8294 9816 1
9155 9821 1
252 9822 1
1604 9822 1
2416 9822 1
4064 9822 1
4175 9822 1
4315 9822 1
6272 9822 1
6612 9822 1
6739 9822 1
6797 9822 1
8425 9822 1
8736 9822 1
515 9833 1
5353 9833 1
5562 9833 1
6191 9833 1
8635 9833 1
8878 9833 1
6728 9836 1
11111 9836 1
2876 9838 1
7549 9838 1
13 9846 1
166 9846 1
349 9846 1
368 9846 1
773 9846 1
932 9846 1
2183 9846 1
2481 9846 1
2493 9846 1
2688 9846 1
3422 9846 1
3787 9846 1
4008 9846 1
4195 9846 1
4404 9846 1
4426 9846 1
4443 9846 1
4448 9846 1
4586 9846 1
5115 9846 1
5429 9846 1
5690 9846 1
5768 9846 1
5861 9846 1
5874 9846 1
6166 9846 1
6824 9846 1
6877 9846 1
7079 9846 1
7096 9846 1
7146 9846 1
7205 9846 1
7243 9846 1
7423 9846 1
7434 9846 1
7463 9846 1
7671 9846 1
7822 9846 1
8456 9846 1
8474 9846 1
8955 9846 1
9150 9846 1
9561 9846 1
9712 9846 1
9726 9846 1
9858 9846 1
9948 9846 1
10174 9846 1
10212 9846 1
10342 9846 1
10393 9846 1
10436 9846 1
10539 9846 1
10763 9846 1
10972 9846 1
11150 9846 1
11278 9846 1
11305 9846 1
1966 9847 1
3815 9847 1
4155 9847 1
4742 9847 1
5325 9847 1
7133 9847 1
8099 9847 1
8271 9847 1
8593 9847 1
419 9849 1
992 9849 1
1058 9849 1
1637 9849 1
2785 9849 1
3156 9849 1
4407 9849 1
4977 9849 1
5097 9849 1
5250 9849 1
5442 9849 1
5592 9849 1
5813 9849 1
5929 9849 1
7492 9849 1
8049 9849 1
11035 9849 1
11358 9849 1
5583 9850 1
7347 9850 1
1714 9852 1
2460 9852 1
3073 9852 1
4404 9852 1
6212 9852 1
6401 9852 1
10319 9852 1
468 9856 1
1097 9856 1
1365 9856 1
1533 9856 1
1782 9856 1
4435 9856 1
5143 9856 1
7342 9856 1
8555 9856 1
9204 9856 1
10159 9856 1
10460 9856 1
10509 9856 1
214 9860 1
2416 9860 1
4076 9860 1
4168 9860 1
4195 9860 1
5280 9860 1
6142 9860 1
8424 9862 1
1110 9880 1
3271 9880 1
7862 9880 1
9082 9880 1
951 9885 1
7319 9885 1
7710 9885 1
7863 9885 1
8817 9885 1
10401 9885 1
10827 9885 1
1390 9886 1
3662 9886 1
5055 9886 1
6677 9886 1
1798 9893 1
2660 9893 1
4600 9893 1
5527 9893 1
6317 9893 1
6456 9893 1
8212 9893 1
1351 9902 1
3723 9903 1
7732 9903 1
7710 9911 1
8626 9911 1
5 9917 1
2743 9917 1
8425 9917 1
8549 9917 1
9917 9917 1
10360 9917 1
307 9918 1
1714 9918 1
3061 9918 1
7007 9918 1
9795 9918 1
11058 9918 1
951 9919 1
1100 9919 1
1365 9919 1
3020 9919 1
4605 9919 1
5160 9919 1
5727 9919 1
6046 9919 1
7286 9919 1
7607 9919 1
8550 9919 1
8917 9919 1
10460 9919 1
8829 9925 1
3370 9929 1
9561 9935 1
7732 9937 1
214 9939 1
1850 9939 1
2380 9939 1
3503 9939 1
4445 9939 1
8555 9939 1
9561 9939 1
423 9944 1
736 9944 1
2460 9944 1
3027 9944 1
3353 9944 1
3711 9944 1
4049 9944 1
5194 9944 1
5382 9944 1
5804 9944 1
5909 9944 1
6213 9944 1
8292 9944 1
8602 9944 1
8656 9944 1
8659 9944 1
9861 9944 1
10319 9944 1
10518 9944 1
773 9952 1
1985 9952 1
2124 9952 1
3037 9952 1
5531 9952 1
5899 9952 1
6186 9952 1
7569 9952 1
8125 9952 1
8423 9952 1
8611 9962 1
4175 9968 1
5047 9968 1
9768 9968 1
572 9969 1
6391 9969 1
6612 9969 1
6835 9969 1
7492 9969 1
7724 9969 1
9148 9969 1
9574 9969 1
9729 9969 1
2546 9970 1
4920 9970 1
6360 9970 1
9150 9970 1
10541 9970 1
10747 9970 1
1834 9971 1
2762 9971 1
3270 9971 1
3762 9971 1
4586 9971 1
8611 9973 1
7233 9976 1
8887 9976 1
1082 9983 1
1735 9983 1
1967 9983 1
2493 9983 1
3545 9983 1
4303 9983 1
4771 9983 1
4857 9983 1
6065 9983 1
7116 9983 1
8305 9983 1
8423 9983 1
604 9987 1
5258 9987 1
712 9992 1
2785 9992 1
3787 9992 1
5258 9992 1
5435 9992 1
6526 9992 1
10707 9992 1
4332 9994 1
6526 9994 1
8820 9994 1
11101 9994 1
222 9995 1
2493 9995 1
3004 9995 1
4424 9995 1
7473 9995 1
8050 9995 1
8850 9995 1
9036 9995 1
2416 9999 1
4771 9999 1
10667 10002 1
6354 10026 1
183 10032 1
951 10032 1
1365 10032 1
1568 10032 1
1707 10032 2
1714 10032 1
1887 10032 1
1952 10032 1
2406 10032 1
2649 10032 1
3059 10032 1
3934 10032 1
4435 10032 1
4974 10032 1
5143 10032 1
5234 10032 1
5597 10032 1
5720 10032 1
6266 10032 1
8832 10032 1
9149 10032 1
9318 10032 1
9938 10032 1
10111 10032 1
10247 10032 1
10401 10032 1
10896 10032 1
252 10042 1
2416 10042 1
10158 10042 1
10223 10042 1
526 10053 1
2728 10053 1
6191 10053 1
4325 10057 1
10859 10060 1
1430 10070 1
3448 10070 1
5258 10070 1
7184 10070 1
8475 10070 1
10904 10070 1
11364 10070 1
265 10081 1
451 10081 1
6883 10081 1
7772 10081 1
8608 10081 1
9774 10081 1
11152 10081 1
276 10082 1
4471 10082 1
5401 10082 1
9204 10082 1
9561 10082 1
9762 10082 1
301 10083 1
318 10083 1
846 10083 1
951 10083 1
1100 10083 1
1533 10083 1
1714 10083 1
3056 10083 1
3644 10083 1
4017 10083 1
5720 10083 1
5854 10083 1
6684 10083 1
6685 10083 1
7286 10083 1
8368 10083 1
8550 10083 1
8824 10083 1
8847 10083 1
9275 10083 1
9585 10083 1
9973 10083 1
10460 10083 1
10860 10083 1
11019 10083 1
712 10084 1
10883 10084 1
252 10085 1
673 10085 1
932 10085 1
1180 10085 1
1372 10085 1
1694 10085 1
1698 10085 1
1714 10085 1
1716 10085 1
2140 10085 1
2416 10085 1
2482 10085 1
2493 10085 1
3158 10085 1
3213 10085 1
3503 10085 1
4528 10085 1
4811 10085 1
4906 10085 1
5115 10085 1
5250 10085 1
5483 10085 1
6213 10085 1
6325 10085 1
6388 10085 1
6798 10085 1
6807 10085 1
7549 10085 1
7810 10085 1
8146 10085 2
8424 10085 1
8676 10085 1
8736 10085 1
8820 10085 1
9081 10085 1
9150 10085 1
9176 10085 1
9634 10085 1
10051 10085 1
10486 10085 1
10747 10085 1
11035 10085 1
2463 10087 1
10293 10087 1
306 10094 1
2663 10094 2
6449 10094 1
6684 10094 1
7693 10094 1
10486 10094 1
10643 10094 1
411 10100 1
1846 10100 1
1934 10100 1
2095 10100 1
2344 10100 1
5062 10100 1
6991 10100 1
8090 10100 1
8687 10100 1
11101 10100 1
5734 10101 1
10009 10101 1
5689 10102 1
6213 10106 1
4315 10112 1
7166 10112 1
9029 10112 1
10393 10112 1
1825 10113 1
10539 10113 1
10127 10127 1
2390 10131 1
4287 10142 1
128 10147 1
951 10147 1
1408 10147 1
1576 10147 1
1700 10147 1
1850 10147 1
2226 10147 1
3500 10147 1
5545 10147 1
5727 10147 1
5913 10147 1
6213 10147 1
7862 10147 1
7966 10147 1
8020 10147 1
8909 10147 1
9150 10147 1
10201 10147 1
10486 10147 1
10994 10147 1
3320 10159 1
4053 10159 1
2311 10160 1
5086 10160 1
5193 10160 1
8560 10160 1
9431 10160 1
10818 10160 1
4141 10164 1
6186 10164 1
8199 10164 1
9814 10164 1
4053 10183 1
6974 10183 1
320 10185 1
1568 10185 1
1573 10185 1
1714 10185 1
2876 10185 1
4038 10185 1
4645 10185 1
6171 10185 1
7206 10185 1
7372 10185 1
7473 10185 1
7710 10185 1
9363 10185 1
9415 10185 1
9561 10185 2
11150 10185 1
6066 10195 1
951 10198 1
4053 10198 1
5689 10198 1
7058 10198 1
8991 10198 1
9224 10198 1
827 10201 1
866 10204 1
2854 10204 1
3663 10204 1
5325 10204 1
5518 10204 1
6757 10204 1
7710 10204 1
7765 10204 1
9172 10208 1
5135 10210 1
754 10212 1
1735 10212 1
3471 10212 1
3970 10212 1
4727 10212 1
5093 10212 1
5115 10212 1
5259 10212 1
5303 10212 1
5861 10212 1
7423 10212 1
7710 10212 1
7746 10212 1
9155 10212 1
9561 10212 1
10924 10212 1
10138 10218 1
9064 10228 1
7443 10233 1
278 10240 1
288 10240 1
572 10240 1
714 10240 1
1043 10240 1
2416 10240 1
2783 10240 1
5562 10240 1
6186 10240 1
6526 10240 1
6536 10240 1
8444 10240 1
9465 10240 1
9849 10240 1
9969 10240 1
10350 10240 1
617 10246 1
5899 10246 1
2095 10252 1
3213 10252 1
4175 10252 1
5346 10252 1
5954 10252 1
6546 10252 1
6988 10252 1
8180 10252 1
8397 10252 1
8590 10252 1
8608 10252 1
10706 10252 1
11179 10252 1
5656 10257 1
9625 10257 1
579 10260 1
515 10262 1
3787 10262 1
6124 10262 1
7710 10262 1
8423 10262 1
11364 10269 1
3572 10274 1
6588 10274 1
7710 10274 1
4053 10275 1
5720 10275 1
951 10276 1
6284 10276 1
6930 10276 1
7790 10276 1
8494 10276 1
8873 10276 1
9387 10276 1
10147 10276 1
6508 10282 1
252 10287 1
629 10287 1
1911 10287 1
3209 10287 1
3320 10287 1
3663 10287 1
5990 10287 1
7509 10287 1
7710 10287 1
10053 10287 1
10393 10287 1
10472 10287 1
2463 10291 1
7157 10293 1
9561 10293 1
1232 10294 1
2300 10294 1
4445 10294 1
5254 10294 1
5673 10294 1
6292 10294 1
6677 10294 1
9022 10294 1
11364 10294 1
2487 10298 1
629 10300 1
773 10300 1
1180 10300 1
1747 10300 1
2416 10300 1
2590 10300 1
2679 10300 1
2867 10300 1
3471 10300 1
4528 10300 1
4857 10300 1
5469 10300 1
7503 10300 1
8887 10300 1
9689 10300 1
10589 10300 1
11238 10300 1
1791 10302 1
7908 10302 1
252 10305 1
2416 10305 1
5562 10305 1
6612 10305 1
7346 10309 1
8781 10309 1
2308 10322 1
5727 10325 1
6818 10325 1
8722 10325 1
10860 10325 1
653 10326 1
1093 10326 1
2308 10326 1
2805 10326 1
4448 10326 1
4878 10326 1
7372 10326 1
7445 10326 1
7790 10326 1
9363 10326 1
9561 10326 1
10509 10326 1
11150 10326 1
2783 10336 1
5734 10336 1
6777 10336 1
9849 10336 1
10370 10336 1
10486 10336 1
11119 10336 1
11292 10336 1
8722 10339 1
10547 10339 1
5899 10342 1
7925 10342 1
9064 10342 1
10208 10342 1
5223 10343 1
6065 10343 1
8550 10343 1
693 10346 1
1633 10346 1
2904 10346 1
3022 10346 1
4155 10346 1
4408 10346 1
4848 10346 1
5320 10346 1
5325 10346 1
5749 10346 1
6204 10346 1
6437 10346 1
8368 10346 1
8820 10346 1
9424 10346 1
9484 10346 1
10342 10346 1
10806 10346 1
3270 10353 1
7018 10353 1
852 10355 1
7822 10363 1
6612 10364 1
2642 10365 1
9431 10365 1
1698 10370 1
2084 10370 1
2380 10370 1
4175 10370 1
5047 10370 1
5586 10370 1
7556 10370 1
8423 10370 1
10185 10370 1
10589 10370 1
1082 10375 1
2783 10375 1
5047 10375 1
5115 10375 1
5397 10375 1
5804 10375 1
7710 10375 1
8626 10375 1
10393 10375 1
10486 10375 1
7603 10378 1
6388 10391 1
11000 10391 1
476 10393 1
1547 10393 1
2617 10393 1
4544 10393 1
8550 10393 1
252 10395 1
278 10395 1
2416 10395 1
3936 10395 1
4471 10395 1
6292 10395 1
7233 10395 1
9148 10395 1
9465 10395 1
9774 10395 1
10989 10395 1
2672 10402 1
8174 10402 1
8425 10402 1
9337 10402 1
9991 10402 1
1978 10406 1
9150 10406 1
11138 10406 1
951 10411 1
2945 10411 1
4053 10411 1
4165 10411 1
5235 10411 1
6588 10411 1
6818 10411 1
7356 10411 1
7419 10411 1
7783 10430 1
4064 10432 1
4502 10432 1
8608 10432 1
9774 10432 1
1073 10439 1
1521 10439 1
2318 10439 1
2616 10439 1
4407 10439 1
6777 10439 1
8299 10439 1
8516 10439 1
9561 10439 1
9752 10439 1
9991 10439 1
476 10447 1
9988 10447 1
10674 10447 1
3073 10449 1
4644 10449 1
9943 10449 1
11141 10449 1
329 10459 1
333 10459 1
453 10459 1
2542 10459 1
5250 10459 1
6186 10459 1
8431 10459 1
9849 10459 1
9904 10459 1
2596 10462 1
5804 10462 1
252 10463 1
2867 10463 1
3500 10475 1
8611 10475 1
8289 10476 1
9006 10478 1
9845 10478 1
5899 10486 1
2007 10497 1
4332 10497 1
7138 10497 1
9150 10497 1
10369 10497 1
617 10500 1
1082 10500 1
6213 10500 1
7246 10500 1
8931 10500 1
9858 10500 1
10319 10500 1
11179 10500 1
2463 10501 1
5401 10501 1
11179 10501 1
9877 10507 1
563 10509 1
951 10509 1
3020 10509 1
7007 10509 1
7342 10509 1
7726 10509 1
7781 10509 1
8611 10509 1
9053 10509 1
9328 10509 1
9973 10509 1
4195 10510 1
5115 10510 1
6212 10510 1
8626 10510 1
9410 10510 1
2463 10515 1
6186 10515 1
225 10524 1
1622 10524 1
1646 10524 1
2617 10524 1
3815 10524 1
5213 10524 1
5382 10524 1
5484 10524 1
5597 10524 1
8302 10524 1
8370 10524 1
9168 10524 1
9561 10524 1
10509 10524 1
10734 10524 1
10827 10524 1
11104 10524 1
5899 10531 1
513 10533 1
1012 10539 1
2692 10539 1
2916 10539 1
3471 10539 1
4426 10539 1
4920 10539 1
5035 10539 1
5882 10539 1
5899 10539 1
9052 10539 1
9400 10539 1
10053 10539 1
11305 10539 1
3270 10543 1
10393 10543 1
1365 10566 1
1537 10566 1
2035 10566 1
2649 10566 1
3908 10566 1
8378 10566 1
10254 10566 1
3566 10576 1
9363 10576 1
1090 10589 1
2380 10589 1
2728 10589 1
2783 10589 1
2990 10589 1
4583 10589 1
5764 10589 1
6248 10589 1
6629 10589 1
7729 10589 1
8423 10589 1
9081 10589 1
3674 10594 1
333 10597 1
7503 10597 1
9233 10597 1
252 10605 1
476 10605 1
515 10605 1
653 10605 1
1251 10605 1
1623 10605 1
2084 10605 1
2416 10605 1
5500 10605 1
8289 10605 1
11009 10605 1
3383 10607 1
9431 10607 1
9752 10607 1
1954 10611 1
7607 10611 1
10254 10611 1
1568 10616 1
7549 10616 1
9053 10616 1
10782 10616 1
951 10623 1
10094 10623 1
10860 10623 1
7356 10626 1
5003 10633 1
5899 10633 1
9358 10633 1
524 10634 1
1707 10634 1
2649 10634 1
7732 10634 1
338 10635 1
505 10635 1
867 10635 1
1987 10635 1
3190 10635 1
4272 10635 1
5325 10635 1
5597 10635 1
7908 10635 1
9363 10635 1
2783 10651 1
5483 10651 1
10589 10651 1
1430 10652 1
4287 10652 1
6282 10652 1
9490 10652 1
10025 10652 1
5303 10662 1
252 10667 2
4168 10667 2
5583 10667 2
6186 10667 2
8608 10667 2
9204 10667 2
5777 10673 1
11007 10673 1
311 10688 1
1698 10688 1
2783 10688 1
5303 10688 1
6212 10688 1
6320 10688 1
6602 10688 1
8555 10688 1
8626 10688 1
9469 10688 1
10486 10688 1
10539 10688 1
3711 10700 1
5254 10707 1
8910 10707 1
7708 10728 1
41 10740 1
1802 10740 1
6317 10740 1
8893 10740 1
9802 10740 1
11364 10740 1
490 10744 1
4024 10744 2
4645 10744 1
4951 10744 1
6212 10744 1
6401 10744 1
7356 10744 1
8534 10744 1
9424 10744 1
10387 10744 1
10442 10748 1
4435 10752 1
5727 10752 1
2898 10758 1
3540 10758 1
6855 10758 1
9102 10758 1
252 10762 1
993 10762 1
1834 10762 1
2386 10762 1
4076 10762 1
4195 10762 2
7233 10762 1
7640 10762 1
7961 10762 1
8423 10762 1
9834 10762 1
320 10763 1
629 10763 1
1180 10763 1
1687 10763 1
1874 10763 1
2380 10763 1
2617 10763 1
3276 10763 1
4404 10763 1
4528 10763 1
4942 10763 1
5211 10763 1
5463 10763 1
6923 10763 1
8005 10763 1
8788 10763 1
8902 10763 1
9014 10763 1
10540 10763 1
515 10765 1
992 10765 1
1243 10765 1
1677 10765 1
8289 10765 1
11138 10765 1
572 10767 1
5583 10767 1
252 10769 1
773 10769 1
4222 10769 1
4727 10769 1
6200 10769 1
7710 10769 1
7786 10769 1
7708 10770 1
281 10787 1
932 10787 1
1372 10787 1
2692 10790 1
9346 10790 1
11035 10799 1
11179 10799 1
5258 10803 1
10104 10803 1
1443 10804 1
5132 10804 1
5258 10804 1
8329 10804 1
11364 10804 1
1510 10806 1
1714 10806 1
3547 10806 1
5325 10806 1
2725 10809 1
4175 10809 1
4841 10809 1
4889 10809 1
7347 10809 1
8180 10809 1
8294 10810 1
2260 10822 1
5035 10822 1
5483 10822 1
8626 10822 1
9014 10822 1
10085 10822 1
3155 10827 1
5909 10827 1
10155 10827 1
2279 10836 1
8207 10836 1
10204 10836 1
10541 10836 1
666 10838 1
918 10838 1
993 10838 1
1497 10838 1
2118 10838 1
2798 10838 1
3414 10838 1
4176 10838 1
4528 10838 1
4739 10838 1
4944 10838 1
5671 10838 1
6532 10838 1
6668 10838 1
9148 10838 1
9204 10838 1
11101 10838 1
1522 10839 1
2095 10839 1
2616 10839 1
4064 10839 1
4154 10839 1
4883 10839 1
5086 10839 1
5346 10839 1
5378 10839 1
5582 10839 1
5905 10839 1
6354 10839 1
8180 10839 1
8608 10839 1
8736 10839 1
10783 10839 2
10839 10839 1
11152 10839 1
1573 10842 1
1737 10842 1
3968 10842 1
4175 10842 1
4906 10842 1
5567 10842 1
5899 10842 1
6212 10842 1
6405 10842 1
951 10848 1
4593 10848 1
8263 10848 1
8344 10848 1
9318 10848 1
10274 10848 1
9776 10856 1
2542 10857 1
4136 10857 1
9776 10857 1
2230 10862 1
5951 10862 1
9337 10862 1
8053 10864 1
3491 10867 1
6354 10877 1
75 10880 1
306 10880 1
2409 10880 1
3500 10880 1
3852 10880 1
5160 10880 1
6743 10880 1
7342 10880 1
8020 10880 1
8611 10880 1
9328 10880 1
10860 10880 1
11094 10880 1
2300 10883 1
2642 10883 1
5346 10894 1
8736 10894 1
9020 10894 1
477 10896 1
951 10896 1
2805 10896 1
5804 10896 1
10153 10899 1
8609 10903 1
1097 10910 1
3476 10910 1
6684 10910 1
7342 10910 1
8611 10910 1
9168 10910 1
9635 10910 1
11058 10910 1
424 10917 1
1255 10917 1
6807 10917 1
7087 10917 1
7710 10917 1
453 10919 1
2129 10919 1
6303 10919 1
8516 10919 1
306 10922 1
1537 10922 1
8824 10922 1
10860 10922 1
368 10924 1
1131 10924 1
6073 10924 1
6164 10924 1
6207 10924 1
8423 10924 1
9400 10924 1
7821 10934 1
10539 10934 1
9010 10935 1
9688 10935 1
2264 10938 1
2617 10938 1
3940 10938 1
6186 10938 1
6190 10938 1
7710 10938 1
10539 10938 1
11131 10938 1
1100 10959 1
1174 10959 1
1533 10959 1
2398 10959 1
2805 10959 1
3003 10959 1
3452 10959 1
3500 10959 1
5469 10959 1
5860 10959 1
6190 10959 1
6684 10959 1
6963 10959 1
6970 10959 1
8424 10959 1
8440 10959 1
9053 10959 1
9484 10959 1
10097 10959 1
10217 10959 1
10976 10959 1
198 10960 1
712 10960 1
1770 10960 1
4302 10960 1
515 10966 1
595 10966 1
768 10966 1
2431 10966 1
2507 10966 1
4701 10966 1
5988 10966 1
7206 10966 1
9138 10966 1
10348 10966 1
278 10968 1
3127 10968 1
3774 10968 1
5135 10968 1
7710 10968 1
8423 10968 1
9824 10968 1
9871 10968 1
10053 10968 1
1909 10969 1
3370 10970 1
7708 10970 1
3020 10971 1
4053 10971 1
7099 10971 1
7726 10971 1
8447 10971 1
387 10973 1
2674 10973 1
5813 10973 1
200 10976 1
2463 10976 1
8240 10976 1
8608 10976 1
5874 10977 1
252 10979 1
515 10979 1
1190 10979 1
2416 10979 1
2672 10981 1
3117 10981 1
3571 10981 2
8646 10981 1
8829 10981 1
8848 10981 1
8894 10981 1
10981 10981 1
1834 10984 1
2804 10984 1
4528 10984 1
5786 10984 1
7514 10984 1
222 10988 1
617 10988 1
954 10988 1
1315 10988 1
1850 10988 1
3663 10988 1
3815 10988 1
4435 10988 1
5682 10988 1
6212 10988 1
7473 10988 1
7548 10988 1
8050 10988 1
8313 10988 1
8359 10988 1
9224 10988 1
9363 10988 1
10346 10988 1
10509 10988 1
11209 10988 1
1809 10990 1
5391 10990 1
6526 10990 1
4338 10991 1
6112 10991 1
10407 10991 1
2692 10999 1
7008 11000 1
714 11009 1
2593 11009 1
4064 11009 1
4471 11009 1
7264 11009 1
8936 11009 1
9677 11009 1
11138 11009 1
1011 11014 1
1677 11014 1
2368 11014 1
2812 11014 1
2916 11014 1
4016 11014 1
4175 11014 1
4645 11014 1
4920 11014 1
5115 11014 1
5690 11014 1
6354 11014 1
6735 11014 1
7063 11014 1
7556 11014 1
8315 11014 1
9010 11014 1
9148 11014 1
9410 11014 1
9561 11014 1
10029 11014 1
10103 11014 1
10152 11014 1
10622 11014 1
11014 11014 1
787 11019 1
1705 11019 1
11035 11019 1
4701 11020 1
4771 11020 1
6143 11020 1
10051 11020 1
11174 11020 1
2139 11038 1
4053 11039 1
6818 11039 1
9064 11045 1
1809 11047 1
4516 11047 1
5258 11047 1
11051 11051 2
11188 11054 1
726 11058 1
8762 11058 1
1954 11059 1
1267 11064 1
8058 11064 1
3941 11073 1
4711 11073 1
6777 11073 1
10147 11073 1
10751 11073 1
10999 11073 1
252 11076 1
476 11076 1
5500 11076 1
10051 11076 1
222 11081 1
3546 11081 1
10250 11081 1
11019 11081 1
228 11088 1
1622 11088 1
2308 11088 1
6212 11088 1
6437 11088 1
7642 11088 1
10387 11088 1
6066 11089 1
7680 11089 1
11364 11089 1
572 11090 1
2265 11090 1
5954 11090 1
6186 11090 1
9561 11090 1
5899 11104 1
2095 11108 1
5097 11108 1
6186 11108 1
6546 11108 1
8001 11108 1
8011 11108 1
8180 11108 1
5115 11110 1
5899 11118 1
7274 11123 1
3381 11130 1
5469 11130 1
2131 11131 1
10599 11131 1
1832 11138 1
8866 11150 1
10208 11150 1
714 11152 1
787 11152 1
5339 11152 1
10989 11152 1
5953 11157 1
8848 11157 1
9776 11157 1
278 11169 1
368 11169 1
673 11169 1
1180 11169 1
4168 11169 1
7710 11169 1
8423 11169 1
10347 11169 1
8174 11173 1
8517 11174 1
1802 11179 1
4502 11179 1
4604 11179 1
5258 11179 1
5583 11179 1
10706 11179 1
11035 11179 1
699 11181 1
2638 11181 1
3452 11181 1
6568 11181 1
7047 11181 1
7264 11181 1
8852 11181 1
9330 11181 1
11026 11181 1
1846 11200 1
2536 11201 1
4178 11201 1
411 11204 1
1073 11204 1
5258 11204 1
6526 11204 1
7203 11204 1
7347 11204 1
11101 11204 1
609 11214 1
1707 11214 1
2301 11214 1
3500 11214 1
4787 11214 1
6193 11214 1
9958 11214 1
10869 11214 1
490 11216 1
951 11216 1
1291 11216 1
1435 11216 1
1573 11216 1
2308 11216 1
2762 11216 1
3503 11216 1
4584 11216 1
4586 11216 1
4871 11216 1
5325 11216 1
6212 11216 1
7079 11216 1
8180 11216 1
9561 11216 1
9594 11216 1
1798 11222 1
2416 11222 1
773 11226 1
786 11226 1
2352 11226 1
2394 11226 1
11305 11226 1
1351 11231 1
1365 11231 1
3710 11231 1
7790 11231 1
9328 11231 1
6746 11237 1
10389 11237 1
476 11259 1
515 11259 1
595 11259 1
2674 11259 1
2867 11259 1
3471 11259 1
4701 11259 1
5562 11259 1
5730 11259 1
8878 11259 1
9625 11259 1
7642 11261 1
4175 11269 1
6190 11269 1
7569 11269 1
183 11277 1
4942 11277 1
10392 11277 1
333 11284 1
379 11284 1
5086 11284 1
5097 11284 1
5929 11284 1
2095 11292 1
4391 11292 1
5588 11292 1
8590 11292 1
339 11294 1
4241 11294 1
5086 11294 1
5132 11294 1
7234 11294 1
11364 11294 1
8852 11295 1
10009 11295 1
11179 11295 1
932 11302 1
6434 11302 1
526 11327 1
1628 11327 1
2368 11327 1
2731 11327 1
3109 11327 1
9014 11327 1
10393 11327 1
10806 11327 1
1119 11333 1
7843 11336 1
4665 11345 1
10424 11345 1
2596 11347 1
3073 11347 1
4272 11347 1
4443 11347 1
4878 11347 1
4951 11347 1
5325 11347 1
7642 11347 1
9733 11347 1
9753 11347 1
10509 11347 1
10842 11347 1
11019 11347 1
306 11348 1
1351 11348 1
3309 11348 1
3933 11348 1
4725 11348 1
7549 11348 1
8949 11348 1
9973 11348 1
10401 11348 1
2095 11354 1
3213 11354 1
3872 11354 1
5346 11354 1
6133 11354 1
6186 11354 1
6546 11354 1
712 11358 1
2893 11358 1
5086 11358 1
5597 11358 1
7014 11358 1
8259 11358 1
8516 11358 1
10009 11358 1
10217 11358 1
561 11361 1
3390 11361 1
5258 11361 1
5435 11361 1
9259 11361 1
9554 11361 2
10149 11361 1
10485 11361 1
572 11363 1
2895 11363 1
6391 11363 1
7492 11363 1
8220 11363 1
8549 11363 1
8877 11363 1
10706 11363 1
5341 11364 1
6142 11364 1
1660 11370 1
1838 11370 1
2649 11370 1
2945 11370 1
3647 11370 1
3934 11370 1
4042 11370 1
4165 11370 1
6287 11370 1
6588 11370 1
6777 11370 1
7058 11370 1
8280 11370 1
9639 11370 1
9681 11370 1
9944 11370 1
10074 11370 1
10357 11370 1
9815 11373 1
